{
  "IcoMoonType": "selection",
  "icons": [
    {
      "icon": {
        "paths": [
          "M0 170.688v-170.688h1536v170.688h-1536zM0 597.312h1536v-170.624h-1536v170.624zM0 1024h1536v-170.688h-1536v170.688z"
        ],
        "attrs": [
          {}
        ],
        "width": 1536,
        "isMulticolor": false,
        "isMulticolor2": false,
        "grid": 0,
        "tags": [
          "menu"
        ]
      },
      "attrs": [
        {}
      ],
      "properties": {
        "order": 74,
        "id": 0,
        "name": "menu",
        "prevSize": 32
      },
      "setIdx": 0,
      "setId": 6,
      "iconIdx": 0
    },
    {
      "icon": {
        "paths": [
          "M200.4 486.57l-7.043-6.719-105.819 100.237 372.826 355.664 783.274-747.217-105.124-100.284-678.147 646.318-259.967-247.999z"
        ],
        "attrs": [
          {
            "fill": "rgb(187, 187, 187)",
            "stroke": "rgb(255, 255, 255)",
            "strokeLinejoin": "miter",
            "strokeLinecap": "butt",
            "strokeMiterlimit": "4",
            "strokeWidth": 20.480000000000004
          }
        ],
        "width": 1331,
        "isMulticolor": false,
        "isMulticolor2": false,
        "grid": 0,
        "tags": [
          "checkbox"
        ],
        "colorPermutations": {
          "18718718712552552551": [
            {
              "f": 0,
              "s": 1
            }
          ]
        }
      },
      "attrs": [
        {
          "fill": "rgb(187, 187, 187)",
          "stroke": "rgb(255, 255, 255)",
          "strokeLinejoin": "miter",
          "strokeLinecap": "butt",
          "strokeMiterlimit": "4",
          "strokeWidth": 20.480000000000004
        }
      ],
      "properties": {
        "order": 72,
        "id": 0,
        "name": "checkbox",
        "prevSize": 32
      },
      "setIdx": 1,
      "setId": 5,
      "iconIdx": 0
    },
    {
      "icon": {
        "paths": [
          "M1024 103.132l-103.132-103.132-408.868 408.868-408.868-408.868-103.132 103.132 408.868 408.868-408.868 408.868 103.132 103.132 408.868-408.868 408.868 408.868 103.132-103.132-408.868-408.868 408.868-408.868z"
        ],
        "attrs": [
          {}
        ],
        "isMulticolor": false,
        "isMulticolor2": false,
        "grid": 0,
        "tags": [
          "cross"
        ]
      },
      "attrs": [
        {}
      ],
      "properties": {
        "order": 68,
        "id": 3,
        "name": "cross",
        "prevSize": 32
      },
      "setIdx": 2,
      "setId": 4,
      "iconIdx": 0
    },
    {
      "icon": {
        "paths": [
          "M1194.667 0h-1024c-70.4 0-127.36 57.6-127.36 128l-0.64 768c0 70.4 57.6 128 128 128h1024c70.4 0 128-57.6 128-128v-768c0-70.4-57.6-128-128-128zM1169.067 272l-452.48 282.88c-20.48 12.8-47.36 12.8-67.84 0l-452.48-282.88c-16-10.24-25.6-27.52-25.6-46.080 0-42.88 46.72-68.48 83.2-46.080l428.8 268.16 428.8-268.16c36.48-22.4 83.2 3.2 83.2 46.080 0 18.56-9.6 35.84-25.6 46.080z"
        ],
        "attrs": [
          {}
        ],
        "width": 1365,
        "isMulticolor": false,
        "isMulticolor2": false,
        "grid": 0,
        "tags": [
          "mail2"
        ]
      },
      "attrs": [
        {}
      ],
      "properties": {
        "order": 69,
        "id": 2,
        "name": "mail2",
        "prevSize": 32
      },
      "setIdx": 2,
      "setId": 4,
      "iconIdx": 1
    },
    {
      "icon": {
        "paths": [
          "M512 512c141.44 0 256-114.56 256-256s-114.56-256-256-256c-141.44 0-256 114.56-256 256s114.56 256 256 256zM512 640c-170.88 0-512 85.76-512 256v64c0 35.2 28.8 64 64 64h896c35.2 0 64-28.8 64-64v-64c0-170.24-341.12-256-512-256z"
        ],
        "attrs": [
          {}
        ],
        "isMulticolor": false,
        "isMulticolor2": false,
        "grid": 0,
        "tags": [
          "person"
        ]
      },
      "attrs": [
        {}
      ],
      "properties": {
        "order": 70,
        "id": 1,
        "name": "person",
        "prevSize": 32
      },
      "setIdx": 2,
      "setId": 4,
      "iconIdx": 2
    },
    {
      "icon": {
        "paths": [
          "M877.407 667.25l-134.451-15.35c-32.285-3.705-64.045 7.411-86.805 30.171l-97.395 97.398c-149.797-76.225-272.6-198.498-348.821-348.826l97.924-97.925c22.761-22.761 33.877-54.52 30.171-86.808l-15.35-133.39c-6.352-53.461-51.344-93.69-105.334-93.69h-91.572c-59.813 0-109.569 49.756-105.864 109.57 28.054 452.041 389.579 813.036 841.085 841.094 59.816 3.701 109.575-46.051 109.575-105.867v-91.568c0.527-53.465-39.702-98.458-93.162-104.809z"
        ],
        "attrs": [
          {}
        ],
        "isMulticolor": false,
        "isMulticolor2": false,
        "grid": 0,
        "tags": [
          "phone2"
        ]
      },
      "attrs": [
        {}
      ],
      "properties": {
        "order": 71,
        "id": 0,
        "name": "phone2",
        "prevSize": 32
      },
      "setIdx": 2,
      "setId": 4,
      "iconIdx": 3
    },
    {
      "icon": {
        "paths": [
          "M1024 194.509c-35.201 15.787-76.040 27.429-118.809 32.899l-2.176 0.227c43.522-26.13 76.217-66.496 91.947-114.543l0.418-1.476c-38.319 23.119-82.92 40.743-130.431 50.337l-2.689 0.453c-38.393-40.925-92.814-66.42-153.19-66.42-115.907 0-209.869 93.961-209.869 209.869 0 0.041 0 0.081 0 0.122l-0-0.006c0 16.64 1.382 32.666 4.864 47.872-174.541-8.499-328.96-92.16-432.691-219.546-18.048 30.373-28.761 66.941-28.877 106.002l-0 0.033c0 72.704 37.478 137.165 93.235 174.438-34.92-0.962-67.432-10.41-95.815-26.343l1.044 0.538v2.304c0.093 101.277 71.562 185.835 166.812 206.090l1.38 0.246c-15.959 4.362-34.284 6.869-53.194 6.869-0.649 0-1.297-0.003-1.945-0.009l0.099 0.001c-13.414 0-26.982-0.768-39.731-3.584 27.187 83.149 104.346 144.282 196.147 146.227-70.873 55.863-161.454 89.6-259.915 89.6-0.135 0-0.271-0-0.406-0l0.021 0c-0.589 0.003-1.286 0.005-1.984 0.005-17.005 0-33.758-1.081-50.193-3.178l1.95 0.203c90.444 59.073 201.183 94.211 320.128 94.211 0.675 0 1.35-0.001 2.025-0.003l-0.105 0c386.304 0 597.504-320 597.504-597.402 0-9.216-0.307-18.227-0.768-27.136 41.558-29.942 76.495-66.036 104.266-107.35l0.95-1.501z"
        ],
        "attrs": [
          {
            "fill": "rgb(175, 177, 184)"
          }
        ],
        "isMulticolor": false,
        "isMulticolor2": false,
        "grid": 0,
        "tags": [
          "twit"
        ],
        "colorPermutations": {
          "1171171171175177184125525525513315024313333331": [
            {
              "f": 3
            }
          ]
        }
      },
      "attrs": [
        {
          "fill": "rgb(175, 177, 184)"
        }
      ],
      "properties": {
        "order": 51,
        "id": 16,
        "name": "twit",
        "prevSize": 32
      },
      "setIdx": 3,
      "setId": 3,
      "iconIdx": 0
    },
    {
      "icon": {
        "paths": [
          "M1024 0l-1024 576 327.253 121.173 504.747-473.173-383.915 517.973 0.299 0.085-0.384-0.085v282.027l183.509-214.101 232.533 86.101 159.957-896z"
        ],
        "attrs": [
          {
            "fill": "rgb(255, 255, 255)"
          }
        ],
        "isMulticolor": false,
        "isMulticolor2": false,
        "grid": 0,
        "tags": [
          "send"
        ],
        "colorPermutations": {
          "1171171171175177184125525525513315024313333331": [
            {
              "f": 4
            }
          ]
        }
      },
      "attrs": [
        {
          "fill": "rgb(255, 255, 255)"
        }
      ],
      "properties": {
        "order": 52,
        "id": 15,
        "name": "send",
        "prevSize": 32
      },
      "setIdx": 3,
      "setId": 3,
      "iconIdx": 1
    },
    {
      "icon": {
        "paths": [
          "M580.267 0h-477.867c-56.457 0-102.4 42.871-102.4 95.573v828.484c0 52.702 45.943 95.573 102.4 95.573h477.867c56.457 0 102.4-42.871 102.4-95.573v-828.484c0-52.702-45.943-95.573-102.4-95.573zM102.4 63.693h477.867c18.842 0 34.133 14.336 34.133 31.881v669.15h-546.133v-669.15c0-17.545 15.292-31.881 34.133-31.881zM580.267 955.938h-477.867c-18.842 0-34.133-14.336-34.133-31.881v-95.573h546.133v95.573c0 17.545-15.292 31.812-34.133 31.812z",
          "M160.7 869.649c6.151 5.58 9.998 13.605 9.998 22.528s-3.847 16.948-9.973 22.505l-0.025 0.023c-6.348 5.812-14.842 9.373-24.166 9.373s-17.818-3.561-24.193-9.398l0.027 0.024c-6.151-5.58-9.998-13.605-9.998-22.528s3.847-16.948 9.973-22.505l0.025-0.023c6.348-5.812 14.842-9.373 24.166-9.373s17.818 3.561 24.193 9.398l-0.027-0.024z"
        ],
        "attrs": [
          {
            "fill": "rgb(117, 117, 117)"
          },
          {
            "fill": "rgb(117, 117, 117)"
          }
        ],
        "width": 683,
        "isMulticolor": false,
        "isMulticolor2": false,
        "grid": 0,
        "tags": [
          "phone"
        ],
        "colorPermutations": {
          "1171171171175177184125525525513315024313333331": [
            {
              "f": 1
            },
            {
              "f": 1
            }
          ]
        }
      },
      "attrs": [
        {
          "fill": "rgb(117, 117, 117)"
        },
        {
          "fill": "rgb(117, 117, 117)"
        }
      ],
      "properties": {
        "order": 53,
        "id": 14,
        "name": "phone",
        "prevSize": 32
      },
      "setIdx": 3,
      "setId": 3,
      "iconIdx": 2
    },
    {
      "icon": {
        "paths": [
          "M1237.333 0h-1109.333c-70.571 0-128 53.589-128 119.467v716.971c0 65.877 57.429 119.467 128 119.467h1109.333c70.571 0 128-53.589 128-119.467v-716.971c0-65.877-57.429-119.467-128-119.467zM1237.333 79.616c5.803 0 11.349 1.195 16.384 3.157l-571.051 461.995-571.051-461.995c4.852-1.973 10.479-3.13 16.373-3.157l0.011-0h1109.333zM1237.333 876.203h-1109.333c-23.552 0-42.667-17.835-42.667-39.765v-669.525l569.344 460.629c7.523 6.061 17.196 9.729 27.726 9.729 0.092 0 0.185-0 0.277-0.001l-0.014 0c0.078 0 0.171 0.001 0.263 0.001 10.53 0 20.203-3.668 27.812-9.795l-0.086 0.067 569.344-460.629v669.525c0 21.931-19.115 39.765-42.667 39.765z"
        ],
        "attrs": [
          {
            "fill": "rgb(117, 117, 117)"
          }
        ],
        "width": 1365,
        "isMulticolor": false,
        "isMulticolor2": false,
        "grid": 0,
        "tags": [
          "mail"
        ],
        "colorPermutations": {
          "1171171171175177184125525525513315024313333331": [
            {
              "f": 1
            }
          ]
        }
      },
      "attrs": [
        {
          "fill": "rgb(117, 117, 117)"
        }
      ],
      "properties": {
        "order": 54,
        "id": 13,
        "name": "mail",
        "prevSize": 32
      },
      "setIdx": 3,
      "setId": 3,
      "iconIdx": 3
    },
    {
      "icon": {
        "paths": [
          "M1022.976 301.056c-2.355-54.426-11.162-91.802-23.757-124.211-13.577-35.567-33.733-65.876-59.193-90.785l-0.045-0.044c-24.946-25.349-55.171-45.423-88.902-58.449l-1.722-0.585c-32.614-12.595-69.786-21.35-124.211-23.757-54.784-2.611-72.192-3.226-211.251-3.226-139.008 0-156.416 0.614-211.046 3.021-54.374 2.355-91.802 11.162-124.16 23.757-35.587 13.57-65.913 33.727-90.837 59.194l-0.043 0.044c-25.327 24.951-45.383 55.175-58.398 88.901l-0.585 1.723c-12.646 32.614-21.402 69.786-23.808 124.211-2.611 54.784-3.226 72.192-3.226 211.251 0 139.008 0.614 156.416 3.021 211.046 2.406 54.426 11.213 91.802 23.808 124.211 13.646 35.534 33.772 65.828 59.153 90.795l0.034 0.033c25.6 26.010 56.627 46.182 90.624 58.982 32.614 12.646 69.837 21.453 124.211 23.808 54.63 2.406 72.038 3.021 211.046 3.021 139.059 0 156.467-0.614 211.046-3.021 54.426-2.355 91.802-11.162 124.211-23.757 69.038-27.2 122.662-80.825 149.244-148.088l0.618-1.774c12.595-32.614 21.402-69.837 23.808-124.211 2.406-54.63 2.97-72.038 2.97-211.046s-0.205-156.416-2.56-211.046zM930.816 719.155c-2.253 50.022-10.65 77.005-17.613 95.027-17.663 44.783-52.473 79.56-96.128 96.777l-1.152 0.4c-17.92 7.014-45.158 15.411-94.976 17.613-54.016 2.406-70.195 3.021-206.848 3.021-136.602 0-153.037-0.614-206.848-3.021-50.022-2.202-77.005-10.598-95.027-17.613-23.057-8.61-42.695-21.63-58.74-38.157l-0.037-0.039c-16.538-16.11-29.565-35.738-37.882-57.683l-0.364-1.095c-6.963-18.022-15.36-45.21-17.562-95.027-2.406-54.016-3.021-70.246-3.021-206.848 0-136.653 0.614-153.088 3.021-206.848 2.202-50.022 10.598-77.005 17.562-95.027 8.599-23.112 21.698-42.78 38.348-58.779l0.052-0.049c16.136-16.537 35.801-29.551 57.785-37.833l1.095-0.362c17.92-7.014 45.158-15.36 94.976-17.613 54.016-2.355 70.246-2.97 206.848-2.97 136.806 0 153.037 0.614 206.848 2.97 50.022 2.202 77.005 10.598 95.027 17.613 22.17 8.192 42.394 21.197 58.778 38.195 16.998 16.64 30.003 36.608 38.246 58.88 6.963 17.92 15.36 45.158 17.562 94.976 2.406 54.016 3.021 70.195 3.021 206.848 0 136.602-0.614 152.576-3.021 206.643z",
          "M513.894 249.037c-145.253 0.058-262.985 117.808-263.014 263.063l-0 0.003c2.912 143.065 119.575 257.926 263.066 257.926s260.153-114.861 263.061-257.655l0.004-0.272c-0.029-145.275-117.79-263.036-263.063-263.066l-0.003-0zM513.894 682.701c-94.236-0.015-170.624-76.411-170.624-170.65 0-94.247 76.402-170.65 170.65-170.65 0.009 0 0.018 0 0.027 0l-0.001-0c94.261 0 170.675 76.414 170.675 170.675s-76.414 170.675-170.675 170.675l0-0zM848.794 238.643c0 33.932-27.508 61.44-61.44 61.44s-61.44-27.508-61.44-61.44l-0-0c0-33.932 27.508-61.44 61.44-61.44s61.44 27.508 61.44 61.44v-0z"
        ],
        "attrs": [
          {
            "fill": "rgb(175, 177, 184)"
          },
          {
            "fill": "rgb(175, 177, 184)"
          }
        ],
        "isMulticolor": false,
        "isMulticolor2": false,
        "grid": 0,
        "tags": [
          "insta"
        ],
        "colorPermutations": {
          "1171171171175177184125525525513315024313333331": [
            {
              "f": 3
            },
            {
              "f": 3
            }
          ]
        }
      },
      "attrs": [
        {
          "fill": "rgb(175, 177, 184)"
        },
        {
          "fill": "rgb(175, 177, 184)"
        }
      ],
      "properties": {
        "order": 55,
        "id": 12,
        "name": "insta",
        "prevSize": 32
      },
      "setIdx": 3,
      "setId": 3,
      "iconIdx": 4
    },
    {
      "icon": {
        "paths": [
          "M1023.744 1024h0.256v-375.603c0-183.706-39.526-325.222-254.31-325.222-103.27 0-172.544 56.627-200.858 110.387h-2.97v-93.235h-203.674v683.622h212.070v-338.483c0-89.139 16.896-175.36 127.283-175.36 108.749 0 110.387 101.734 110.387 181.043v332.851h211.814zM16.896 340.326h212.326v683.674h-212.326v-683.674zM122.982 0c-67.921 0-122.982 55.061-122.982 122.982v0c0 67.84 55.091 124.109 122.982 124.109 67.84 0 122.931-56.218 122.931-124.109-0.029-67.892-55.044-122.924-122.926-122.982l-0.006-0z"
        ],
        "attrs": [
          {
            "fill": "rgb(175, 177, 184)"
          }
        ],
        "isMulticolor": false,
        "isMulticolor2": false,
        "grid": 0,
        "tags": [
          "linkedin"
        ],
        "colorPermutations": {
          "1171171171175177184125525525513315024313333331": [
            {
              "f": 3
            }
          ]
        }
      },
      "attrs": [
        {
          "fill": "rgb(175, 177, 184)"
        }
      ],
      "properties": {
        "order": 56,
        "id": 11,
        "name": "linkedin",
        "prevSize": 32
      },
      "setIdx": 3,
      "setId": 3,
      "iconIdx": 5
    },
    {
      "icon": {
        "paths": [
          "M682.496 169.984h93.542v-162.816c-39.438-4.57-85.133-7.177-131.438-7.177-1.672 0-3.343 0.003-5.013 0.010l0.259-0.001c-134.81 0-227.174 84.787-227.174 240.64v143.36h-148.685v182.016h148.685v457.984h182.323v-457.933h142.746l22.63-182.016h-165.376v-125.491c0-52.582 14.182-88.576 87.501-88.576z"
        ],
        "attrs": [
          {
            "fill": "rgb(175, 177, 184)"
          }
        ],
        "isMulticolor": false,
        "isMulticolor2": false,
        "grid": 0,
        "tags": [
          "fb"
        ],
        "colorPermutations": {
          "1171171171175177184125525525513315024313333331": [
            {
              "f": 3
            }
          ]
        }
      },
      "attrs": [
        {
          "fill": "rgb(175, 177, 184)"
        }
      ],
      "properties": {
        "order": 57,
        "id": 10,
        "name": "fb",
        "prevSize": 32
      },
      "setIdx": 3,
      "setId": 3,
      "iconIdx": 6
    },
    {
      "icon": {
        "paths": [
          "M477.623 478.866h34.114v153.527h-34.114v-153.527zM614.078 547.109h34.114v85.285h-34.114v-85.285zM341.153 598.279h34.114v34.114h-34.114v-34.114zM238.811 581.208h34.114v51.171h-34.114v-51.171z",
          "M51.171 905.304h818.761c0.004 0 0.009 0 0.015 0 28.261 0 51.171-22.91 51.171-51.171l-0-0v-68.228c0-28.261-22.91-51.171-51.171-51.171v-0h-17.057v-425.399l96.885-91.78c6.636 3.343 14.463 5.3 22.747 5.3 28.422 0 51.463-23.041 51.463-51.463s-23.041-51.463-51.463-51.463c-28.422 0-51.463 23.041-51.463 51.463 0 7.9 1.78 15.385 4.961 22.075l-0.133-0.312-72.997 69.193v-39.351c0-28.261-22.91-51.171-51.171-51.171v0h-682.32c-28.261 0-51.171 22.91-51.171 51.171v0 511.737h-17.057c-28.261 0-51.171 22.91-51.171 51.171v-0 68.228c0 28.261 22.91 51.171 51.171 51.171v0zM972.288 154.77c9.42-0 17.057 7.637 17.057 17.057s-7.637 17.057-17.057 17.057h-0c-9.42 0-17.057-7.637-17.057-17.057s7.637-17.057 17.057-17.057v0zM102.341 222.998c0-9.421 7.636-17.057 17.057-17.057h682.32c9.421 0 17.057 7.636 17.057 17.057v71.636l-34.114 32.417v-69.925c0-9.435-7.651-17.072-17.072-17.072h-614.064c-9.421 0-17.072 7.636-17.072 17.057v426.452c0 9.421 7.651 17.057 17.072 17.057h614.064c9.435 0 17.072-7.636 17.072-17.057v-309.584l34.114-32.329v393.070h-716.434v-511.707zM255.868 444.752c-0.044-0-0.097-0-0.15-0-28.261 0-51.171 22.91-51.171 51.171s22.91 51.171 51.171 51.171c13.833 0 26.384-5.489 35.594-14.407l-0.014 0.013 59.29 29.755c6.89 3.438 15.243 1.829 20.363-3.92l126.040-141.809 123.904 92.848c6.656 4.974 15.931 4.447 21.957-1.258l107.681-102.005v260.198h-579.95v-392.338h579.95v85.138l-120.686 114.293-124.928-93.667c-2.819-2.134-6.384-3.419-10.249-3.419-5.060 0-9.606 2.202-12.732 5.699l-0.015 0.017-127.766 143.77-47.762-23.888c0.336-2.048 0.556-4.111 0.644-6.188 0-28.261-22.91-51.171-51.171-51.171h-0zM272.925 495.923c0 9.42-7.637 17.057-17.057 17.057s-17.057-7.637-17.057-17.057v0c0-9.42 7.637-17.057 17.057-17.057s17.057 7.637 17.057 17.057v0zM375.267 768.848h170.569v17.057c0 9.421-7.621 17.057-17.042 17.057h-136.47c-9.42 0-17.057-7.637-17.057-17.057v0-17.057zM34.128 785.905c0-9.421 7.621-17.057 17.042-17.057h289.982v17.057c0 28.261 22.91 51.171 51.171 51.171v0h136.47c28.261-0 51.171-22.91 51.171-51.171v0-17.057h289.982c9.421 0 17.057 7.636 17.057 17.057v68.228c0 9.421-7.636 17.057-17.057 17.057h-818.761c-0.004 0-0.009 0-0.015 0-9.42 0-17.057-7.637-17.057-17.057 0-0 0-0 0-0l-0 0v-68.228z"
        ],
        "attrs": [
          {
            "fill": "rgb(33, 150, 243)"
          },
          {
            "fill": "rgb(33, 33, 33)"
          }
        ],
        "isMulticolor": true,
        "isMulticolor2": false,
        "grid": 0,
        "tags": [
          "diagram"
        ],
        "colorPermutations": {
          "1171171171175177184125525525513315024313333331": [
            {
              "f": 2
            },
            {
              "f": 0
            }
          ]
        }
      },
      "attrs": [
        {
          "fill": "rgb(33, 150, 243)"
        },
        {
          "fill": "rgb(33, 33, 33)"
        }
      ],
      "properties": {
        "order": 58,
        "id": 9,
        "name": "diagram",
        "prevSize": 32
      },
      "setIdx": 3,
      "setId": 3,
      "iconIdx": 7
    },
    {
      "icon": {
        "paths": [
          "M995.951 475.336c-8.032-11.511-12.834-25.795-12.834-41.2 0-1.615 0.053-3.218 0.157-4.806l-0.011 0.216v-66.382c0-20.369 4.207-35.84 12.622-46.414s22.884-15.85 43.386-15.805c19.256 0 32.946 4.497 41.027 13.512 8.815 11.487 13.112 25.533 12.11 39.713v15.583h-34.438v-15.805c0.015-0.608 0.024-1.323 0.024-2.041 0-4.733-0.373-9.378-1.091-13.909l0.065 0.501c-0.551-3.675-2.333-6.858-4.906-9.182l-0.013-0.012c-3.045-2.261-6.878-3.619-11.028-3.619-0.514 0-1.023 0.021-1.527 0.062l0.066-0.004c-0.432-0.034-0.936-0.053-1.444-0.053-4.399 0-8.462 1.44-11.742 3.875l0.053-0.038c-2.895 2.589-4.941 6.073-5.703 10.015l-0.018 0.113c-0.979 5.409-1.425 10.908-1.336 16.406v80.584c-0.557 7.769 0.979 15.538 4.408 22.617 1.749 2.407 4.082 4.289 6.795 5.458l0.106 0.041c2.010 0.88 4.352 1.393 6.813 1.393 0.729 0 1.448-0.045 2.153-0.132l-0.084 0.009c0.423 0.036 0.916 0.057 1.413 0.057 4.084 0 7.843-1.396 10.824-3.737l-0.038 0.029c2.691-2.516 4.543-5.9 5.109-9.704l0.011-0.091c0.824-5.343 1.18-10.752 1.091-16.139v-16.362h34.438v14.915c0.083 1.231 0.131 2.669 0.131 4.117 0 14.121-4.512 27.187-12.172 37.837l0.132-0.193c-7.903 9.862-21.393 14.781-41.227 14.781s-34.816-5.254-43.32-16.206zM1139.445 476.026c-8.704-10.351-13.067-25.4-13.067-45.323v-69.855c0-19.723 4.363-34.638 13.067-44.767 8.682-10.129 23.24-15.182 43.654-15.137 20.257 0 34.727 5.053 43.453 15.137 8.682 10.129 13.134 25.043 13.134 44.767v69.855c0 19.723-4.452 34.838-13.29 45.256-8.838 10.396-23.24 15.583-43.297 15.583-20.035 0-34.883-5.254-43.654-15.516zM1199.149 459.264c3.117-6.456 4.541-13.579 4.141-20.658v-85.504c0.041-0.688 0.065-1.491 0.065-2.301 0-6.535-1.528-12.713-4.246-18.196l0.107 0.239c-1.779-2.446-4.159-4.354-6.927-5.525l-0.108-0.040c-1.993-0.859-4.314-1.359-6.751-1.359-0.822 0-1.631 0.057-2.423 0.167l0.092-0.010c-0.701-0.099-1.512-0.155-2.335-0.155-2.451 0-4.786 0.499-6.908 1.401l0.116-0.044c-2.886 1.217-5.279 3.124-7.047 5.519l-0.032 0.046c-3.117 6.3-4.541 13.267-4.118 20.257v85.905c-0.445 7.123 0.979 14.202 4.118 20.658 2.002 2.153 4.425 3.884 7.141 5.067l0.138 0.053c2.612 1.152 5.658 1.823 8.86 1.823s6.248-0.671 9.004-1.88l-0.144 0.056c2.846-1.239 5.261-2.969 7.245-5.106l0.012-0.014v-0.401zM1281.113 302.97h37.109l27.893 128.89 28.538-128.89h36.107l3.629 186.012h-26.646l-2.849-129.269-27.559 129.269h-21.393l-28.538-129.736-2.649 129.736h-26.98l3.339-185.99zM1455.994 302.97h57.789c33.28 0 49.931 17.608 49.931 52.825 0 33.725-17.519 50.554-52.58 50.532h-19.656v82.655h-35.684l0.223-185.99zM1505.369 382.464c3.517 0.445 7.101 0.134 10.463-0.89 3.406-1.002 6.522-2.716 9.149-4.964 4.096-6.3 5.899-13.668 5.12-21.014 0.023-0.643 0.037-1.397 0.037-2.155 0-5.222-0.63-10.298-1.818-15.154l0.090 0.435c-0.549-1.968-1.453-3.68-2.647-5.146l0.020 0.026c-1.239-1.519-2.739-2.771-4.441-3.701l-0.078-0.039c-4.113-1.903-8.925-3.014-13.998-3.014-0.667 0-1.33 0.019-1.988 0.057l0.091-0.004h-13.846v55.563h13.846zM1615.16 302.97h38.311l39.313 186.012h-33.258l-7.769-42.897h-34.17l-8.014 42.897h-33.725l39.313-185.99zM1647.905 424.559l-13.357-78.091-13.334 78.091h26.691zM1724.527 302.97h24.977l47.794 106.118v-106.118h29.607v185.99h-23.752l-48.083-110.77v110.77h-30.609l0.067-185.99zM1896.27 418.059l-39.758-114.822h33.48l24.264 73.75 22.751-73.75h32.723l-39.224 114.822v70.923h-34.237v-70.923zM1051.047 570.301v9.728h-29.117v75.576h-12.199v-75.576h-29.251v-9.728h70.567zM1142.294 655.605h-9.416c-0.079 0.006-0.171 0.009-0.263 0.009-0.902 0-1.733-0.305-2.395-0.817l0.009 0.007c-0.693-0.486-1.229-1.152-1.548-1.93l-0.011-0.029-8.415-20.257h-40.381l-8.437 20.257c-0.256 0.891-0.693 1.66-1.273 2.298l0.004-0.005c-0.67 0.504-1.517 0.807-2.434 0.807-0.076 0-0.151-0.002-0.225-0.006l0.010 0h-9.416l35.684-85.304h12.399l36.107 84.97zM1083.214 623.928h33.681l-14.269-34.727c-0.905-2.146-1.81-4.814-2.544-7.553l-0.105-0.461-1.336 4.519-1.291 3.562-14.136 34.66zM1203.801 647.235c2.226 0.111 4.452 0.111 6.678 0 1.937-0.2 3.851-0.534 5.721-1.024 2.038-0.475 3.755-1.010 5.419-1.652l-0.277 0.094c1.558-0.601 3.139-1.336 4.786-2.070v-19.189h-14.269c-0.049 0.003-0.106 0.005-0.164 0.005-0.681 0-1.303-0.255-1.775-0.675l0.003 0.002c-0.437-0.358-0.713-0.897-0.713-1.501 0-0.020 0-0.040 0.001-0.060l-0 0.003v-6.567h27.693v32.701c-4.319 2.938-9.323 5.312-14.678 6.854l-0.37 0.091c-2.514 0.742-5.539 1.367-8.639 1.752l-0.288 0.029c-3.085 0.34-6.663 0.534-10.286 0.534-0.047 0-0.093-0-0.14-0l0.007 0c-0.12 0.001-0.261 0.002-0.403 0.002-6.317 0-12.361-1.168-17.927-3.301l0.344 0.116c-5.523-2.128-10.258-5.146-14.269-8.925l0.022 0.020c-3.851-3.753-6.964-8.243-9.114-13.245l-0.102-0.268c-2.073-5.061-3.276-10.935-3.276-17.091 0-0.213 0.001-0.426 0.004-0.639l-0 0.032c-0.002-0.179-0.004-0.39-0.004-0.602 0-6.205 1.178-12.134 3.322-17.577l-0.113 0.325c2.048-5.053 5.187-9.639 9.194-13.49 4.074-3.851 8.927-6.856 14.269-8.86 6.122-2.182 12.6-3.25 19.122-3.161 3.339 0 6.634 0.223 9.928 0.735 2.894 0.445 5.743 1.158 8.459 2.159 2.515 0.89 4.897 2.003 7.146 3.384 2.204 1.336 4.274 2.827 6.233 4.452l-3.45 5.276c-0.281 0.485-0.673 0.877-1.143 1.15l-0.015 0.008c-0.466 0.273-1.026 0.438-1.623 0.445l-0.002 0c-0.82-0.023-1.578-0.269-2.221-0.678l0.018 0.011c-1.412-0.725-2.555-1.39-3.663-2.105l0.169 0.102c-1.356-0.826-2.932-1.604-4.578-2.244l-0.208-0.071c-1.831-0.724-4.030-1.377-6.297-1.845l-0.27-0.047c-2.577-0.469-5.542-0.737-8.57-0.737-0.172 0-0.344 0.001-0.516 0.003l0.026-0c-0.127-0.001-0.276-0.002-0.426-0.002-4.785 0-9.367 0.866-13.599 2.45l0.268-0.088c-4.091 1.568-7.585 3.86-10.486 6.746l0.001-0.001c-2.961 3.072-5.231 6.678-6.634 10.618-1.513 4.236-2.388 9.123-2.388 14.214s0.875 9.978 2.482 14.518l-0.094-0.304c1.558 4.007 3.985 7.68 7.123 10.73 2.938 2.938 6.478 5.231 10.418 6.767 4.541 1.469 9.35 2.048 14.136 1.692zM1317.51 645.877h38.957v9.728h-50.866v-85.304h12.199l-0.289 75.576zM1397.003 655.583h-12.199v-85.259h12.199v85.304zM1442.371 570.702c0.712 0.401 1.336 0.913 1.848 1.558l52.157 64.312c-0.034-0.456-0.054-0.988-0.054-1.525s0.020-1.069 0.058-1.595l-0.004 0.070v-63.555h10.641v85.638h-6.144c-0.128 0.011-0.276 0.017-0.426 0.017-0.806 0-1.571-0.179-2.256-0.498l0.033 0.014c-0.748-0.436-1.381-0.978-1.905-1.613l-0.010-0.012-52.090-64.223v66.315h-10.195v-85.281h6.344c0.69 0 1.38 0.134 2.003 0.401zM1596.817 570.301v9.394h-43.231v28.16h35.039v9.038h-35.039v29.117h43.231v9.394h-55.786v-85.103h55.786zM318.397 43.498l541.718 145.608v510.264l-541.674-145.519v-510.353zM283.67 0v578.605l611.128 164.33v-578.56l-611.128-164.374z",
          "M611.194 1011.534l-611.194-164.463v-578.56l611.194 164.397v578.627z",
          "M293.799 36.953l534.639 143.783-227.373 215.307-534.706-143.85 227.439-215.263zM283.67 0l-283.67 268.533 611.194 164.397 283.603-268.533-611.128-164.397zM645.61 978.989l249.188-235.965-249.188-67.072v303.037z"
        ],
        "attrs": [
          {
            "fill": "rgb(175, 177, 184)"
          },
          {
            "fill": "rgb(175, 177, 184)"
          },
          {
            "fill": "rgb(175, 177, 184)"
          }
        ],
        "width": 1981,
        "isMulticolor": false,
        "isMulticolor2": false,
        "grid": 0,
        "tags": [
          "customer6"
        ],
        "colorPermutations": {
          "1171171171175177184125525525513315024313333331": [
            {
              "f": 3
            },
            {
              "f": 3
            },
            {
              "f": 3
            }
          ]
        }
      },
      "attrs": [
        {
          "fill": "rgb(175, 177, 184)"
        },
        {
          "fill": "rgb(175, 177, 184)"
        },
        {
          "fill": "rgb(175, 177, 184)"
        }
      ],
      "properties": {
        "order": 59,
        "id": 8,
        "name": "customer6",
        "prevSize": 32
      },
      "setIdx": 3,
      "setId": 3,
      "iconIdx": 8
    },
    {
      "icon": {
        "paths": [
          "M97.781 855.759c5.011 6.209 7.669 14.009 7.538 22.005 0.027 0.511 0.042 1.109 0.042 1.711 0 10.368-4.515 19.681-11.686 26.081l-0.034 0.030c-9.739 7.386-21.787 10.981-33.966 10.153h-59.675v-139.547h58.455c0.988-0.070 2.141-0.11 3.304-0.11 10.926 0 21.029 3.521 29.237 9.49l-0.143-0.099c6.975 5.89 11.374 14.64 11.374 24.417 0 0.592-0.016 1.181-0.048 1.765l0.004-0.081c0.349 7.691-2.070 15.251-6.776 21.351-4.554 5.534-10.806 9.369-17.8 10.894 7.909 1.46 15.077 5.665 20.175 11.939zM27.779 834.691h24.946c5.686 0.436 11.329-1.22 15.905-4.641 3.334-3.044 5.417-7.408 5.417-12.259 0-0.486-0.021-0.966-0.062-1.441l0.004 0.062c0.026-0.353 0.040-0.764 0.040-1.178 0-4.891-2.046-9.305-5.328-12.432l-0.007-0.007c-3.968-2.988-8.98-4.785-14.412-4.785-0.686 0-1.366 0.029-2.038 0.085l0.088-0.006h-24.554v36.603zM71.092 888.2c3.648-3.196 5.939-7.863 5.939-13.066 0-0.385-0.013-0.768-0.037-1.147l0.003 0.052c0.019-0.305 0.030-0.662 0.030-1.022 0-5.304-2.34-10.062-6.044-13.297l-0.021-0.018c-4.229-3.176-9.566-5.085-15.35-5.085-0.578 0-1.152 0.019-1.721 0.057l0.077-0.004h-26.166v38.367h26.537c5.97 0.349 11.896-1.351 16.776-4.837zM217.262 915.739l-32.507-54.533h-12.223v54.533h-27.975v-139.547h52.943c1.087-0.081 2.354-0.127 3.632-0.127 12.682 0 24.305 4.534 33.337 12.068l-0.083-0.068c7.853 8.032 12.699 19.034 12.699 31.168 0 10.007-3.296 19.244-8.861 26.685l0.083-0.117c-6.536 7.517-15.447 12.528-25.251 14.162l34.642 55.775h-30.437zM172.555 842.186h22.877c15.905 0 23.835-7.037 23.835-21.134 0.022-0.356 0.034-0.771 0.034-1.19 0-5.638-2.24-10.752-5.878-14.502l0.005 0.005c-4.261-3.581-9.807-5.757-15.861-5.757-0.752 0-1.495 0.034-2.23 0.099l0.095-0.007h-23.182l0.283 42.485zM370.165 887.655h-55.732l-9.848 28.106h-29.326l51.2-138h31.7l50.982 137.979h-29.326l-9.63-28.084zM362.714 866.522l-20.371-58.891-20.371 58.891h40.742zM561.588 915.739h-27.801l-62.246-94.883v94.883h-27.713v-139.547h27.713l62.246 95.428v-95.428h27.779v139.547zM720.068 882.339c-5.827 10.567-14.411 18.99-24.793 24.462l-0.328 0.158c-12.092 6.122-25.491 9.151-39.043 8.78h-49.457v-139.547h49.457c0.64-0.018 1.394-0.028 2.15-0.028 13.44 0 26.135 3.189 37.37 8.852l-0.477-0.218c10.632 5.36 19.391 13.857 25.121 24.336 5.483 10.657 8.697 23.254 8.697 36.603s-3.214 25.946-8.91 37.061l0.214-0.459zM688.281 879.006c7.643-8.898 12.296-20.556 12.296-33.302s-4.653-24.404-12.353-33.37l0.057 0.068c-8.432-7.431-19.57-11.967-31.768-11.967-1.050 0-2.091 0.034-3.124 0.1l0.141-0.007h-19.282v90.33h19.282c0.899 0.060 1.949 0.094 3.006 0.094 12.187 0 23.316-4.527 31.798-11.992l-0.053 0.046zM387.573 0s358.422 135.865 350.796 332.473v332.539s-358.16-135.952-350.687-332.539l-0.109-332.473zM1057.727 587.166c64.154-44.862 141.687-75.057 225.56-84.084l2.161-0.189v-104.099c-95.826 37.806-173.967 103.255-226.586 186.452l-1.134 1.92z",
          "M1017.028 618.518c55.972-111.579 150.181-197.066 265.061-240.422l3.357-1.112v-299.945s-510.475 193.536-499.668 473.502v473.458s22.746-8.65 58.542-24.881c0-15.142 0-30.393 1.634-45.753 11.198-134.569 74.947-252.381 170.412-334.272l0.661-0.554z",
          "M968.508 794.406c2.68-32.833 8.65-65.318 17.866-96.953-65.219 76.824-105.687 176.453-108.099 285.467l-0.009 0.512c41.567-19.991 73.728-37.295 105.151-55.723l-6.977 3.782c-6.101-29.064-9.593-62.461-9.593-96.674 0-14.225 0.604-28.308 1.787-42.227l-0.124 1.815zM988.792 796.106c-0.999 11.494-1.569 24.869-1.569 38.378 0 30.325 2.87 59.979 8.354 88.706l-0.467-2.94c139.46-83.794 296.176-213.253 290.141-369.686v-13.639c-103.87 12.004-195.423 57.23-265.519 124.614l0.15-0.144c-16.036 39.5-27.095 85.257-30.981 133.043l-0.109 1.668z"
        ],
        "attrs": [
          {
            "fill": "rgb(175, 177, 184)"
          },
          {
            "fill": "rgb(175, 177, 184)"
          },
          {
            "fill": "rgb(175, 177, 184)"
          }
        ],
        "width": 1285,
        "isMulticolor": false,
        "isMulticolor2": false,
        "grid": 0,
        "tags": [
          "customer5"
        ],
        "colorPermutations": {
          "1171171171175177184125525525513315024313333331": [
            {
              "f": 3
            },
            {
              "f": 3
            },
            {
              "f": 3
            }
          ]
        }
      },
      "attrs": [
        {
          "fill": "rgb(175, 177, 184)"
        },
        {
          "fill": "rgb(175, 177, 184)"
        },
        {
          "fill": "rgb(175, 177, 184)"
        }
      ],
      "properties": {
        "order": 60,
        "id": 7,
        "name": "customer5",
        "prevSize": 32
      },
      "setIdx": 3,
      "setId": 3,
      "iconIdx": 9
    },
    {
      "icon": {
        "paths": [
          "M295.341 305.533h-0.071c-53.867 0-97.542 42.579-97.542 95.065v0.071c0 52.486 43.675 95.065 97.542 95.065h0.071c53.867 0 97.542-42.579 97.542-95.065v-0.071c0-52.486-43.675-95.041-97.542-95.041zM1015.356 275.17c-0.167-72.942-29.958-142.812-82.873-194.393-52.843-51.557-124.571-80.61-199.394-80.777-74.847 0.143-146.599 29.172-199.537 80.729-52.938 51.581-82.73 121.499-82.873 194.441v402.099s564.629-61.273 564.7-402.051v-0.048zM0 809.246c0.26 53.082 22.298 100.966 57.628 135.216l0.049 0.047c35.856 34.764 84.802 56.207 138.755 56.249l0.008 0c53.95-0.041 102.887-21.475 138.792-56.275l-0.052 0.050c35.386-34.28 57.438-82.145 57.725-135.162l0-0.054v-279.814s-392.906 42.722-392.906 279.766zM196.465 859.374c-0.023 0-0.050 0-0.077 0-10.595 0-20.456-3.145-28.699-8.553l0.199 0.122c-8.372-5.469-14.902-13.132-18.853-22.179l-0.126-0.325c-2.465-5.648-3.9-12.228-3.9-19.143 0-3.474 0.362-6.864 1.050-10.134l-0.056 0.319c1.977-9.74 6.882-18.67 14.050-25.671 7.033-6.83 16.015-11.689 26.033-13.663l0.329-0.054c9.978-1.953 20.313-0.953 29.72 2.858 9.407 3.786 17.432 10.216 23.1 18.456 5.428 7.802 8.671 17.476 8.671 27.909 0 6.924-1.429 13.514-4.008 19.491l0.123-0.32c-2.572 6.12-6.358 11.669-11.121 16.336-4.787 4.668-10.478 8.383-16.717 10.907-5.834 2.425-12.61 3.834-19.715 3.834-0.009 0-0.019-0-0.028-0l0.002 0v-0.191zM597.492 828.273h-40.198v41.508h-20.956v-101.543h66.155v16.956h-45.199v26.219h40.174v16.908zM698.082 821.296c0 10.002-1.786 18.765-5.311 26.314-3.524 7.525-8.597 13.336-15.217 17.432-6.212 3.862-13.751 6.151-21.825 6.151-0.272 0-0.544-0.003-0.815-0.008l0.041 0.001c-0.376 0.013-0.818 0.020-1.262 0.020-16.125 0-30.041-9.461-36.498-23.136l-0.104-0.246c-3.492-7.366-5.531-16.003-5.531-25.117 0-0.295 0.002-0.59 0.006-0.885l-0.001 0.045v-5.049c0-10.002 1.786-18.813 5.382-26.386 3.62-7.62 8.716-13.455 15.265-17.503 6.596-4.096 14.145-6.144 22.623-6.144 8.454 0 15.955 2.048 22.528 6.144 6.596 4.048 11.669 9.883 15.265 17.503 3.62 7.597 5.453 16.36 5.453 26.314v4.525zM676.888 816.7c0-10.645-1.929-18.742-5.739-24.29-3.391-5.036-9.072-8.305-15.516-8.305-0.289 0-0.575 0.007-0.861 0.020l0.040-0.001c-0.23-0.010-0.5-0.016-0.771-0.016-6.419 0-12.080 3.248-15.428 8.19l-0.042 0.065c-3.81 5.43-5.763 13.431-5.811 23.981v4.953c0 10.383 1.905 18.432 5.715 24.147s9.311 8.573 16.479 8.573c0.247 0.012 0.536 0.019 0.827 0.019 6.384 0 12.011-3.241 15.325-8.168l0.042-0.066c3.763-5.549 5.668-13.574 5.715-24.147v-4.953zM765.952 843.133c0.010-0.171 0.015-0.371 0.015-0.572 0-3.448-1.639-6.513-4.181-8.458l-0.026-0.019c-2.786-2.143-7.811-4.382-15.050-6.716-6.698-2.082-12.407-4.449-17.847-7.262l0.606 0.285c-11.526-6.239-17.313-14.622-17.313-25.171 0-5.477 1.548-10.383 4.62-14.669 3.096-4.31 7.549-7.692 13.336-10.121 5.811-2.405 12.312-3.62 19.527-3.62 7.239 0 13.717 1.334 19.385 3.977 5.692 2.62 10.073 6.311 13.193 11.097 3.167 4.787 4.763 10.24 4.763 16.336h-20.956c0-4.668-1.453-8.263-4.382-10.812-2.929-2.62-7.049-3.929-12.359-3.929-5.12 0-9.097 1.095-11.907 3.286-2.609 1.86-4.289 4.876-4.289 8.284 0 0.085 0.001 0.169 0.003 0.254l-0-0.012c0 3.286 1.667 6.049 4.953 8.287 3.358 2.239 8.263 4.334 14.741 6.287 11.907 3.572 20.575 8.025 26.005 13.336 5.453 5.287 8.168 11.907 8.168 19.789 0 8.811-3.334 15.717-9.978 20.718-6.668 5.001-15.598 7.478-26.862 7.478-7.811 0-14.931-1.429-21.337-4.263-6.032-2.568-11.014-6.61-14.647-11.684l-0.070-0.103c-3.152-4.698-5.030-10.481-5.030-16.702 0-0.206 0.002-0.412 0.006-0.617l-0 0.031h20.98c0 11.193 6.716 16.813 20.099 16.813 5.001 0 8.859-1 11.669-3.001 2.541-1.827 4.176-4.776 4.176-8.106 0-0.148-0.003-0.294-0.010-0.441l0.001 0.021zM877.639 785.17h-31.101v84.611h-20.932v-84.611h-30.696v-16.956h82.753v16.956zM950.772 825.773h-40.198v27.196h47.175v16.813h-68.108v-101.543h67.965v16.956h-47.033v24.195h40.198v16.408zM1007.64 832.607h-16.67v37.174h-20.956v-101.543h37.769c11.978 0 21.242 2.667 27.767 8.025 6.501 5.334 9.764 12.907 9.764 22.671 0 6.906-1.524 12.717-4.525 17.384-3.37 4.875-7.998 8.66-13.42 10.927l-0.202 0.075 21.98 41.508v0.976h-22.48l-19.051-37.174zM990.97 815.652h16.884c5.239 0 9.311-1.334 12.193-3.977 2.688-2.627 4.354-6.289 4.354-10.34 0-0.266-0.007-0.531-0.021-0.794l0.002 0.037c0-4.787-1.381-8.573-4.12-11.288-2.691-2.762-6.858-4.12-12.479-4.12h-16.836v30.482zM1117.803 833.988v35.792h-20.956v-101.543h39.65c7.62 0 14.312 1.381 20.099 4.191 5.811 2.786 10.264 6.763 13.383 11.907 3.12 5.12 4.668 10.954 4.668 17.527 0 9.954-3.405 17.813-10.24 23.576-6.787 5.715-16.193 8.573-28.267 8.573h-18.337zM1117.803 817.057h18.694c5.525 0 9.764-1.31 12.621-3.929 2.929-2.596 4.406-6.311 4.406-11.145 0.010-0.218 0.016-0.473 0.016-0.729 0-4.381-1.681-8.37-4.432-11.356l0.011 0.012c-2.929-3.072-6.977-4.644-12.145-4.763h-19.17v31.911zM1250.209 825.773h-40.174v27.196h47.152v16.813h-68.108v-101.543h67.965v16.956h-47.009v24.195h40.174v16.408zM1347.322 785.17h-31.101v84.611h-20.956v-84.611h-30.672v-16.956h82.73v16.956zM1420.431 825.773h-40.174v27.196h47.152v16.813h-68.084v-101.543h67.965v16.956h-47.033v24.195h40.198v16.408zM1477.299 832.607h-16.67v37.174h-20.932v-101.543h37.745c12.002 0 21.266 2.667 27.767 8.025 6.525 5.334 9.764 12.907 9.764 22.671 0 6.906-1.5 12.717-4.525 17.384-3.364 4.871-7.984 8.657-13.397 10.927l-0.201 0.075 21.98 41.508v0.976h-22.48l-19.051-37.174zM1460.629 815.652h16.908c5.239 0 9.287-1.334 12.193-3.977 2.674-2.625 4.331-6.278 4.331-10.318 0-0.274-0.008-0.547-0.023-0.817l0.002 0.038c0-4.787-1.357-8.573-4.096-11.288-2.715-2.762-6.858-4.12-12.502-4.12h-16.813v30.482zM1583.628 843.133c0.010-0.176 0.016-0.382 0.016-0.59 0-3.438-1.63-6.495-4.159-8.441l-0.025-0.019c-2.81-2.143-7.835-4.382-15.074-6.716-6.698-2.083-12.407-4.45-17.848-7.263l0.607 0.285c-11.526-6.239-17.313-14.622-17.313-25.171 0-5.477 1.548-10.383 4.62-14.669 3.096-4.31 7.549-7.692 13.336-10.121 5.787-2.405 12.312-3.62 19.527-3.62 7.239 0 13.717 1.334 19.385 3.977 5.668 2.62 10.073 6.311 13.193 11.097 3.167 4.787 4.763 10.24 4.763 16.336h-20.956c0-4.668-1.453-8.263-4.382-10.812-2.929-2.62-7.049-3.929-12.359-3.929-5.12 0-9.097 1.095-11.907 3.286-2.609 1.86-4.289 4.876-4.289 8.284 0 0.085 0.001 0.169 0.003 0.254l-0-0.012c0 3.286 1.667 6.049 4.953 8.287 3.358 2.239 8.263 4.334 14.717 6.287 11.907 3.572 20.599 8.025 26.029 13.336 5.453 5.287 8.168 11.907 8.168 19.789 0 8.811-3.334 15.717-9.978 20.718-6.668 5.001-15.598 7.478-26.862 7.478-7.811 0-14.931-1.429-21.337-4.263-6.032-2.567-11.015-6.609-14.647-11.684l-0.070-0.104c-3.152-4.698-5.030-10.481-5.030-16.702 0-0.206 0.002-0.412 0.006-0.617l-0 0.031h21.004c0 11.193 6.668 16.813 20.075 16.813 5.001 0 8.859-1 11.669-3.001 2.541-1.827 4.176-4.776 4.176-8.106 0-0.148-0.003-0.294-0.010-0.441l0.001 0.021z"
        ],
        "attrs": [
          {
            "fill": "rgb(175, 177, 184)"
          }
        ],
        "width": 1905,
        "isMulticolor": false,
        "isMulticolor2": false,
        "grid": 0,
        "tags": [
          "customer4"
        ],
        "colorPermutations": {
          "1171171171175177184125525525513315024313333331": [
            {
              "f": 3
            }
          ]
        }
      },
      "attrs": [
        {
          "fill": "rgb(175, 177, 184)"
        }
      ],
      "properties": {
        "order": 61,
        "id": 6,
        "name": "customer4",
        "prevSize": 32
      },
      "setIdx": 3,
      "setId": 3,
      "iconIdx": 10
    },
    {
      "icon": {
        "paths": [
          "M151.1 995.304c0.744 0.019 1.414 0.324 1.905 0.81l-0-0 4.906 5.144c-3.81 4.144-8.502 7.478-13.788 9.74-6.192 2.477-12.836 3.667-19.527 3.501-0.293 0.006-0.639 0.010-0.985 0.010-6.261 0-12.241-1.201-17.723-3.386l0.323 0.114c-10.622-4.283-18.813-12.7-22.701-23.205l-0.089-0.276c-1.978-5.253-3.123-11.324-3.123-17.663 0-0.212 0.001-0.423 0.004-0.634l-0 0.032c-0.003-0.203-0.005-0.442-0.005-0.681 0-6.357 1.235-12.425 3.478-17.978l-0.115 0.322c2.143-5.287 5.382-10.121 9.526-14.217 4.167-4.048 9.168-7.192 14.669-9.287 6.049-2.239 12.479-3.334 18.932-3.263 6.025-0.143 12.002 0.857 17.575 2.977 4.858 2 9.311 4.763 13.169 8.216l-4.096 5.477c-0.29 0.394-0.637 0.726-1.033 0.991l-0.015 0.009c-0.407 0.273-0.908 0.436-1.447 0.436-0.069 0-0.137-0.003-0.205-0.008l0.009 0.001c-0.669-0.046-1.28-0.262-1.8-0.604l0.014 0.009-2.191-1.453-3.072-1.881c-2.796-1.485-6.041-2.621-9.467-3.233l-0.202-0.030c-2.011-0.367-4.326-0.576-6.689-0.576-0.21 0-0.42 0.002-0.629 0.005l0.032-0c-0.149-0.002-0.324-0.003-0.499-0.003-4.711 0-9.213 0.893-13.346 2.518l0.248-0.086c-4.16 1.621-7.713 3.965-10.67 6.907l0.001-0.001c-3.048 3.167-5.406 6.906-6.906 10.954-1.738 4.644-2.596 9.549-2.524 14.479-0.071 5.001 0.786 10.002 2.5 14.717 1.5 4.025 3.81 7.74 6.811 10.907 2.81 2.977 6.287 5.287 10.169 6.787 4.001 1.572 8.287 2.381 12.621 2.334 2.5 0.024 5.001-0.119 7.478-0.476 4.048-0.476 7.906-1.81 11.312-3.905 1.715-1.072 3.334-2.286 4.858-3.62 0.61-0.559 1.415-0.915 2.303-0.952l0.007-0zM292.602 969.466c0.071 6.192-1.048 12.383-3.31 18.17-2.133 5.515-5.266 10.215-9.21 14.092l-0.006 0.005c-4.019 3.939-8.84 7.077-14.193 9.143l-0.285 0.097c-5.54 2.071-11.941 3.269-18.623 3.269s-13.083-1.198-19.001-3.392l0.378 0.123c-5.599-2.204-10.385-5.353-14.389-9.293l0.006 0.006c-3.948-3.941-7.105-8.673-9.213-13.938l-0.099-0.279c-2.095-5.4-3.309-11.649-3.309-18.182s1.214-12.782 3.429-18.535l-0.119 0.353c2.072-5.311 5.239-10.169 9.287-14.288 4.022-3.8 8.816-6.833 14.116-8.834l0.292-0.097c5.535-2.107 11.936-3.328 18.623-3.328s13.087 1.22 18.993 3.45l-0.37-0.123c5.43 2.096 10.359 5.239 14.455 9.287 4.048 4.048 7.168 8.811 9.24 14.050 2.262 5.834 3.405 12.026 3.334 18.265zM279.743 969.466c0.004-0.228 0.007-0.498 0.007-0.767 0-4.947-0.858-9.693-2.432-14.099l0.091 0.292c-2.769-8.202-8.901-14.623-16.713-17.721l-0.195-0.068c-4.026-1.516-8.68-2.394-13.538-2.394s-9.512 0.878-13.811 2.483l0.273-0.089c-8.026 3.155-14.177 9.578-16.896 17.586l-0.060 0.203c-3.096 9.526-3.096 19.694 0 29.196 2.776 8.2 8.929 14.611 16.761 17.674l0.195 0.067c8.74 3.096 18.337 3.096 27.076 0 3.953-1.524 7.478-3.858 10.359-6.835 2.929-3.191 5.168-6.906 6.549-10.907 1.667-4.715 2.429-9.645 2.334-14.598zM389.12 984.778l1.31 3.263c0.476-1.167 0.905-2.215 1.405-3.263 0.553-1.291 1.087-2.347 1.676-3.366l-0.081 0.151 31.292-54.201c0.619-0.953 1.167-1.524 1.786-1.691 0.635-0.19 1.365-0.299 2.121-0.299 0.159 0 0.316 0.005 0.473 0.014l-0.021-0.001h9.24v88.159h-10.954v-67.536c-0.029-0.456-0.045-0.988-0.045-1.524s0.016-1.069 0.049-1.597l-0.004 0.073-31.482 54.986c-0.423 0.841-1.058 1.521-1.836 1.988l-0.022 0.012c-0.748 0.449-1.651 0.715-2.616 0.715-0.026 0-0.053-0-0.079-0.001l0.004 0h-1.762c-0.953 0.024-1.905-0.238-2.691-0.714-0.801-0.477-1.436-1.158-1.845-1.973l-0.012-0.027-32.387-55.344v70.799h-10.597v-87.993h9.24c0.135-0.008 0.293-0.013 0.451-0.013 0.755 0 1.485 0.109 2.175 0.313l-0.054-0.014c0.754 0.356 1.349 0.943 1.705 1.67l0.009 0.021 31.982 54.272c0.575 0.897 1.11 1.931 1.55 3.015l0.046 0.128zM506.928 980.42v33.006h-12.24v-88.016h27.315c5.144-0.095 10.288 0.548 15.241 1.905 3.977 1.072 7.644 2.953 10.788 5.477 2.715 2.381 4.81 5.358 6.12 8.644 1.453 3.596 2.143 7.43 2.096 11.264 0.048 3.858-0.714 7.692-2.286 11.264-1.554 3.503-3.79 6.449-6.56 8.781l-0.036 0.030c-3.049 2.573-6.674 4.573-10.645 5.779l-0.214 0.056c-4.763 1.453-9.764 2.143-14.765 2.048l-14.812-0.238zM506.928 970.943h14.836c3.215 0.048 6.43-0.405 9.478-1.334 2.643-0.863 4.927-2.163 6.886-3.834l-0.028 0.023c1.789-1.563 3.206-3.507 4.129-5.708l0.038-0.102c0.934-2.124 1.478-4.6 1.478-7.202 0-0.080-0.001-0.16-0.002-0.24l0 0.012c0.016-0.266 0.025-0.576 0.025-0.889 0-2.259-0.464-4.409-1.303-6.36l0.040 0.105c-1.013-2.376-2.465-4.386-4.271-6.011l-0.015-0.014c-4.031-3.003-9.11-4.808-14.61-4.808-0.65 0-1.293 0.025-1.93 0.075l0.084-0.005h-14.836v36.292zM671.577 1013.546h-9.668c-0.058 0.003-0.126 0.004-0.194 0.004-0.947 0-1.822-0.305-2.533-0.823l0.012 0.009c-0.683-0.539-1.224-1.226-1.582-2.014l-0.014-0.034-8.335-21.29h-41.817l-8.644 21.29c-0.336 0.801-0.858 1.468-1.513 1.968l-0.012 0.008c-0.717 0.551-1.627 0.884-2.615 0.884-0.052 0-0.104-0.001-0.155-0.003l0.007 0h-9.668l36.745-88.183h12.74l37.245 88.183zM610.947 980.801h34.53l-14.574-35.888c-0.973-2.258-1.918-5.017-2.666-7.856l-0.097-0.431-1.405 4.62c-0.481 1.575-0.935 2.816-1.441 4.028l0.107-0.29-14.455 35.816zM724.492 925.767c0.738 0.405 1.381 0.953 1.857 1.596l53.581 66.441v-68.441h10.954v88.183h-6.12c-0.047 0.001-0.102 0.002-0.158 0.002-0.851 0-1.657-0.194-2.375-0.54l0.033 0.014c-0.767-0.433-1.414-0.982-1.943-1.631l-0.010-0.012-53.558-66.393c0.071 1 0.071 2.024 0 3.024v65.56h-10.954v-88.207h6.501c0.762 0 1.5 0.119 2.191 0.405zM881.188 978.468v35.007h-12.264v-35.007l-33.863-53.105h10.954c0.067-0.004 0.145-0.006 0.224-0.006 0.899 0 1.731 0.288 2.408 0.776l-0.012-0.008c0.661 0.562 1.215 1.223 1.648 1.964l0.019 0.036 21.194 34.244c1.446 2.245 2.709 4.826 3.661 7.553l0.078 0.258 1.596-3.786c0.595-1.381 1.286-2.739 2.096-4.025l20.885-34.483c0.458-0.718 0.986-1.336 1.587-1.874l0.009-0.008c0.655-0.537 1.501-0.862 2.423-0.862 0.069 0 0.138 0.002 0.206 0.005l-0.010-0h11.097l-33.935 53.343zM383.071 777.383c5.334 0.643 10.716 1.191 16.193 1.643 82.634-35.245 152.552-92.874 200.99-165.745 48.461-72.871 73.276-157.744 71.394-243.998l-91.088-86.778c6.039 28.609 9.497 61.481 9.497 95.161 0 64.478-12.673 125.996-35.665 182.199l1.163-3.214c-34.887 87.397-94.613 163.84-172.484 220.755z",
          "M350.541 773.358l2.453 0.476c83.23-56.725 146.67-135.906 182.129-227.328 20.068-50.056 31.708-108.084 31.708-168.83 0-41.474-5.426-81.68-15.606-119.948l0.735 3.248-129.738-123.571c40.619 76.688 64.465 167.643 64.465 264.167 0 22.444-1.289 44.588-3.798 66.36l0.249-2.656c-12.693 112.592-58.678 219.422-132.596 308.105zM790.528 471.183c-22.028 94.78-75.562 180.224-152.647 243.712-21.272 17.708-44.992 34.117-70.117 48.333l-2.396 1.247c65.252-18.487 121.735-49.782 169.105-91.233l-0.502 0.431c46.896-41.006 84.008-91.986 108.19-149.725l0.997-2.684-52.629-50.081z",
          "M769.905 457.228l-74.919-71.37c-1.699 85.789-27.694 165.174-71.355 231.965l1.033-1.684c-44.604 69.418-107.925 126.19-183.344 164.388h0.381c16.789 0 33.578-0.953 50.271-2.858 72.029-28.269 132.805-71.592 180.792-126.396l0.456-0.532c46.521-53.136 80.379-118.518 96.162-190.663l0.523-2.85zM361.401 85.254l-89.374-85.254c-79.896 29.41-148.599 81.11-197.132 148.361-48.533 67.227-74.657 146.861-74.895 228.447 0.31 90.183 32.149 177.652 90.517 248.641 58.368 70.966 139.907 121.38 231.734 143.241 81.968-95.137 129.953-212.706 137.002-335.61 7.025-122.904-27.243-244.736-97.875-347.827zM976.372 444.106c-0.333-106.972-45.080-209.491-124.476-285.124-79.396-75.657-186.987-118.284-299.27-118.593-51.891-0.048-103.353 9.073-151.719 26.91l547.173 521.287c17.895-42.713 28.291-92.35 28.291-144.415 0-0.014-0-0.029-0-0.043l0 0.002z"
        ],
        "attrs": [
          {
            "fill": "rgb(175, 177, 184)"
          },
          {
            "fill": "rgb(175, 177, 184)"
          },
          {
            "fill": "rgb(175, 177, 184)"
          }
        ],
        "width": 976,
        "isMulticolor": false,
        "isMulticolor2": false,
        "grid": 0,
        "tags": [
          "customer3"
        ],
        "colorPermutations": {
          "1171171171175177184125525525513315024313333331": [
            {
              "f": 3
            },
            {
              "f": 3
            },
            {
              "f": 3
            }
          ]
        }
      },
      "attrs": [
        {
          "fill": "rgb(175, 177, 184)"
        },
        {
          "fill": "rgb(175, 177, 184)"
        },
        {
          "fill": "rgb(175, 177, 184)"
        }
      ],
      "properties": {
        "order": 62,
        "id": 5,
        "name": "customer3",
        "prevSize": 32
      },
      "setIdx": 3,
      "setId": 3,
      "iconIdx": 11
    },
    {
      "icon": {
        "paths": [
          "M334.316 57.797h2.678c4.982 0 10.378 0.492 15.695 0.945 23.493 1.654 46.809 5.179 69.75 10.516v-56.379c-20.862-5.5-45.43-9.584-70.621-11.421l-1.354-0.079c-8.131-0.639-18.256-1.135-28.446-1.367l-0.659-0.012h-8.409c-48.738 0.197-97.28 6.439-144.482 18.629-53.76 13.391-105.354 34.402-153.285 62.346v559.202c41.991-23.334 90.622-42.84 141.797-56.007l4.32-0.943c35.941-9.593 77.881-16.312 120.966-18.75l1.678-0.076h1.654c6.912-0.354 13.844-0.551 20.972-0.591v-57.305c-56.96 0.758-111.783 8.442-164.121 22.245l4.712-1.056c-19.298 5.022-37.908 10.437-55.394 16.423l-19.929 6.774v-436.027l8.507-4.096c60.478-29.383 131.057-48.401 205.574-52.764l1.51-0.071c0.268-0.021 0.581-0.033 0.896-0.033s0.628 0.012 0.937 0.035l-0.041-0.002c7.936-0.394 15.911-0.591 23.729-0.591h8.96c4.135 0.098 8.271 0.197 12.406 0.453z",
          "M474.782 116.834c-0.15 0-0.327 0-0.505 0-29.267 0-57.959-2.464-85.88-7.196l3.007 0.421c-8.862-1.497-17.585-3.308-26.053-5.258v552.802c35.84 8.862 72.665 13.194 109.588 12.918 51.43-0.218 101.182-6.987 148.594-19.513l-4.111 0.923c58.132-14.757 109.186-36.134 156.055-63.839l-2.73 1.493v-549.218c-41.967 23.303-90.573 42.812-141.714 56.018l-4.344 0.952c-49.625 12.761-100.667 19.298-151.887 19.495zM695.828 126.385l19.929-6.695v436.145l-8.527 4.116c-28.89 14.159-62.793 26.686-98.075 35.779l-3.793 0.829c-42.594 11.028-86.39 16.679-130.363 16.876-13.154 0-26.191-0.551-38.853-1.654l-13.647-1.201v-448.551l15.892 1.063c11.559 0.748 23.513 1.103 36.51 1.103 55.828-0.197 111.439-7.326 165.534-21.228 18.59-4.923 37.061-10.417 55.394-16.581zM53.898 831.252c-5.351-5.539-12.844-8.977-21.141-8.977-0.356 0-0.711 0.006-1.064 0.019l0.051-0.001c-0.132-0.002-0.287-0.003-0.442-0.003-4.454 0-8.701 0.884-12.576 2.486l0.219-0.080c-7.57 3.035-13.436 8.965-16.317 16.384l-0.067 0.196c-1.575 3.938-2.363 8.133-2.304 12.367v74.713c-0.197 5.258 0.827 10.496 2.934 15.321 1.772 3.84 4.313 7.247 7.483 10.023 2.974 2.501 6.498 4.332 10.24 5.317 3.643 1.004 7.404 1.536 11.166 1.536 4.175 0.039 8.271-0.847 12.052-2.599 11.216-4.979 18.898-16.016 18.905-28.848l0-0.001v-8.35h-19.535v6.656c0.003 0.12 0.005 0.261 0.005 0.402 0 2.25-0.428 4.399-1.207 6.372l0.041-0.118c-0.667 1.651-1.629 3.055-2.832 4.21l-0.004 0.004c-2.239 1.74-5.076 2.807-8.161 2.855l-0.011 0c-0.343 0.042-0.74 0.066-1.143 0.066-3.282 0-6.192-1.597-7.994-4.056l-0.019-0.028c-1.642-2.635-2.615-5.834-2.615-9.26 0-0.261 0.006-0.522 0.017-0.78l-0.001 0.037v-69.671c-0.118-3.86 0.709-7.68 2.402-11.166 1.805-2.771 4.888-4.577 8.393-4.577 0.408 0 0.81 0.024 1.205 0.072l-0.048-0.005c0.11-0.004 0.24-0.007 0.37-0.007 3.414 0 6.443 1.649 8.334 4.193l0.020 0.028c2.030 2.639 3.254 5.991 3.254 9.629 0 0.139-0.002 0.277-0.005 0.415l0-0.020v6.459h19.318v-7.621c0.001-0.101 0.002-0.22 0.002-0.339 0-4.582-0.875-8.96-2.468-12.975l0.083 0.238c-1.532-4.084-3.752-7.583-6.55-10.529l0.013 0.013zM169.925 830.425c-5.954-5.066-13.715-8.169-22.2-8.231l-0.013-0c-3.978 0-7.936 0.729-11.658 2.107-8.059 2.891-14.422 8.818-17.822 16.367l-0.078 0.194c-1.969 4.549-2.954 9.492-2.855 14.474v71.641c-0.118 5.041 0.847 10.043 2.855 14.671 1.772 3.86 4.332 7.286 7.562 10.023 2.993 2.757 6.498 4.923 10.319 6.302 3.742 1.378 7.68 2.087 11.658 2.107 8.533-0.021 16.318-3.204 22.249-8.44l-0.036 0.032c3.111-2.796 5.632-6.203 7.365-10.023 2.009-4.608 2.974-9.63 2.855-14.671v-71.66c0.004-0.186 0.006-0.405 0.006-0.625 0-5-1.053-9.754-2.949-14.053l0.088 0.223c-1.821-4.091-4.305-7.57-7.351-10.463l-0.014-0.013zM160.807 926.996c0.031 0.335 0.049 0.724 0.049 1.118 0 3.633-1.504 6.915-3.924 9.257l-0.004 0.003c-2.469 2.080-5.685 3.344-9.196 3.344s-6.727-1.264-9.218-3.362l0.022 0.018c-2.424-2.339-3.929-5.616-3.929-9.245 0-0.399 0.018-0.794 0.054-1.183l-0.004 0.050v-71.66c-0.030-0.329-0.047-0.713-0.047-1.1 0-3.632 1.504-6.914 3.923-9.255l0.003-0.003c2.469-2.080 5.685-3.344 9.196-3.344s6.727 1.264 9.218 3.362l-0.022-0.018c2.423 2.336 3.929 5.61 3.929 9.235 0 0.395-0.018 0.786-0.053 1.172l0.004-0.050v71.68zM322.304 959.015v-135.68h-18.767l-24.674 71.818h-0.335l-24.871-71.798h-18.57v135.641h19.377v-82.511h0.354l18.964 58.329h9.669l19.141-58.329h0.335v82.511h19.377zM432.404 832.866c-2.993-3.348-6.754-5.908-10.969-7.424-3.976-1.34-8.556-2.113-13.316-2.113-0.255 0-0.509 0.002-0.763 0.007l0.038-0.001h-28.79v135.68h19.318v-52.992h9.964c6.046 0.276 12.032-1.004 17.447-3.702 4.426-2.499 8.013-6.017 10.523-10.248l0.071-0.13c2.245-3.604 3.742-7.621 4.45-11.815 0.669-4.269 1.051-9.192 1.051-14.205 0-0.427-0.003-0.853-0.008-1.278l0.001 0.064c0.197-6.498-0.453-13.036-1.89-19.377-1.369-4.883-3.839-9.081-7.135-12.472l0.007 0.007zM422.439 874.22c-0.089 2.591-0.741 5.011-1.837 7.167l0.045-0.097c-1.12 2.083-2.835 3.722-4.917 4.718l-0.065 0.028c-2.385 1.098-5.176 1.739-8.116 1.739-0.352 0-0.703-0.009-1.051-0.027l0.049 0.002h-8.822v-46.119h9.964c0.278-0.015 0.603-0.023 0.93-0.023 2.828 0 5.509 0.633 7.907 1.765l-0.113-0.048c1.995 1.161 3.558 2.876 4.501 4.934l0.028 0.068c1.063 2.383 1.634 4.962 1.694 7.562v9.019c0 3.151 0.197 6.42 0 9.314h-0.197zM523.973 823.335h-15.852l-29.893 135.68h19.338l5.671-29.145h26.348l5.691 29.145h19.338l-30.641-135.68zM506.132 911.38l9.511-49.172h0.354l9.452 49.172h-19.318zM648.862 905.058h-0.354l-29.204-81.723h-18.57v135.68h19.318v-81.585h0.394l29.538 81.566h18.196v-135.641h-19.318v81.723zM766.976 823.335l-15.557 53.957h-0.394l-15.557-53.957h-20.441l26.545 78.336v57.324h19.338v-57.324l26.545-78.316h-20.48zM0 997.317h9.314v26.132h6.321v-26.151h9.255v-5.356h-24.891v5.376zM78.316 991.941l-12.209 31.508h6.715l2.599-7.168h12.544l2.698 7.168h6.892l-12.524-31.508h-6.715zM77.332 1010.983l4.273-11.678 4.273 11.678h-8.566zM155.727 1011.83h7.286v4.057c-2.030 1.641-4.638 2.64-7.479 2.658l-0.004 0c-0.135 0.008-0.293 0.013-0.451 0.013-2.524 0-4.774-1.176-6.232-3.009l-0.013-0.016c-1.466-2.094-2.343-4.694-2.343-7.5 0-0.251 0.007-0.499 0.021-0.746l-0.002 0.034c0-7.010 3.033-10.516 9.058-10.516 0.205-0.022 0.442-0.035 0.683-0.035 3.104 0 5.711 2.132 6.436 5.011l0.010 0.046 6.223-1.221c-1.339-6.144-5.77-9.255-13.351-9.255-0.125-0.004-0.272-0.006-0.419-0.006-4.078 0-7.796 1.542-10.603 4.075l0.014-0.012c-2.825 2.787-4.574 6.657-4.574 10.936 0 0.413 0.016 0.823 0.048 1.228l-0.003-0.054c-0.010 0.217-0.015 0.473-0.015 0.729 0 4.236 1.532 8.115 4.073 11.111l-0.021-0.025c2.782 2.874 6.675 4.658 10.985 4.658 0.341 0 0.679-0.011 1.014-0.033l-0.046 0.002c0.153 0.004 0.332 0.007 0.512 0.007 4.962 0 9.478-1.912 12.851-5.040l-0.012 0.011v-12.406h-13.647v5.317zM234.791 991.941h-6.38v31.508h22.055v-5.356h-15.675v-26.151zM301.647 991.941h-6.38v31.508h6.38v-31.508zM366.986 1012.972l-12.898-21.031h-6.183v31.508h5.927v-20.578l12.662 20.578h6.321v-31.508h-5.829v21.051zM426.082 1009.566h15.695v-5.356h-15.695v-6.892h16.876v-5.376h-23.257v31.508h23.906v-5.356h-17.526v-8.527zM569.344 1004.367h-12.406v-12.406h-6.321v31.488h6.321v-13.785h12.406v13.785h6.321v-31.508h-6.302v12.426zM628.775 1009.566h15.754v-5.356h-15.754v-6.892h16.935v-5.376h-23.237v31.508h23.867v-5.356h-17.526v-8.527zM709.376 1009.585c5.474-0.866 8.271-3.761 8.271-8.763 0.033-0.265 0.052-0.572 0.052-0.884 0-2.514-1.23-4.741-3.122-6.112l-0.022-0.015c-2.327-1.194-5.076-1.893-7.989-1.893-0.432 0-0.86 0.015-1.284 0.046l0.057-0.003h-13.351v31.488h6.341v-13.174h1.241c0.152-0.010 0.329-0.015 0.508-0.015 1.242 0 2.421 0.267 3.484 0.746l-0.054-0.022c0.926 0.571 1.694 1.359 2.245 2.304l6.873 10.004h7.562l-3.84-6.144c-1.735-3.074-4.082-5.611-6.894-7.512l-0.077-0.049zM702.996 1005.214h-4.667v-7.897h4.982c0.399-0.034 0.863-0.054 1.332-0.054 1.818 0 3.568 0.293 5.205 0.836l-0.117-0.034c0.846 0.76 1.375 1.858 1.375 3.079 0 1.355-0.652 2.559-1.66 3.313l-0.011 0.008c-1.574 0.499-3.384 0.787-5.261 0.787-0.415 0-0.826-0.014-1.233-0.042l0.055 0.003zM770.166 1009.566h15.675v-5.356h-15.695v-6.892h16.935v-5.376h-23.296v31.508h23.906v-5.356h-17.526v-8.527z"
        ],
        "attrs": [
          {
            "fill": "rgb(175, 177, 184)"
          },
          {
            "fill": "rgb(175, 177, 184)"
          }
        ],
        "width": 788,
        "isMulticolor": false,
        "isMulticolor2": false,
        "grid": 0,
        "tags": [
          "customer2"
        ],
        "colorPermutations": {
          "1171171171175177184125525525513315024313333331": [
            {
              "f": 3
            },
            {
              "f": 3
            }
          ]
        }
      },
      "attrs": [
        {
          "fill": "rgb(175, 177, 184)"
        },
        {
          "fill": "rgb(175, 177, 184)"
        }
      ],
      "properties": {
        "order": 63,
        "id": 4,
        "name": "customer2",
        "prevSize": 32
      },
      "setIdx": 3,
      "setId": 3,
      "iconIdx": 12
    },
    {
      "icon": {
        "paths": [
          "M122.88 0l149.668 141.681h417.464v395.223l149.668 141.681v-678.584h-716.8z",
          "M0 135.7v659.21h696.32v-262.021l-419.369-397.025-276.951-0.164zM563.671 698.491h-453.489v-443.372h32.051v413.348h421.437v30.003zM200.52 917.176l16.753-34.509h14.008l-24.433 45.998v26.808h-12.698v-26.808l-24.433-45.978h14.049l16.753 34.509zM272.404 938.516h-28.18l-5.898 16.957h-13.148l27.484-72.806h11.366l27.546 72.806h-13.21l-5.939-16.957zM247.767 928.317h21.094l-10.547-30.208-10.547 30.208zM322.273 935.813c0-3.359 0.922-6.451 2.744-9.236 1.843-2.847 5.448-6.185 10.854-10.056-2.224-2.647-4.2-5.631-5.818-8.828l-0.122-0.265c-1.007-2.125-1.614-4.611-1.659-7.234l-0-0.016c0-5.714 1.72-10.199 5.202-13.517 3.461-3.318 8.131-4.997 13.988-4.997 5.325 0 9.626 1.577 13.005 4.71 3.4 3.092 5.12 6.963 5.12 11.551 0 0.026 0 0.056 0 0.086 0 3.071-0.861 5.94-2.355 8.381l0.040-0.070c-2.029 3.027-4.544 5.555-7.461 7.537l-0.096 0.061-4.956 3.604 14.070 16.589c2.028-3.994 3.031-8.438 3.031-13.332h10.547c0 8.95-2.089 16.302-6.287 22.036l10.691 12.657h-14.090l-4.096-4.854c-4.929 3.665-11.135 5.867-17.856 5.867-0.267 0-0.534-0.003-0.8-0.010l0.039 0.001c-7.188 0-12.964-1.905-17.285-5.714-3.971-3.515-6.462-8.624-6.462-14.315 0-0.223 0.004-0.446 0.011-0.667l-0.001 0.032zM346.378 946.77c4.096 0 7.926-1.372 11.489-4.096l-15.892-18.76-1.556 1.106c-3.994 3.031-6.001 6.492-6.001 10.404 0 3.359 1.085 6.103 3.256 8.192 2.127 1.964 4.981 3.168 8.117 3.168 0.207 0 0.412-0.005 0.616-0.016l-0.029 0.001zM339.661 899.871c0 2.806 1.72 6.308 5.161 10.547l5.53-3.789 1.577-1.249c1.902-1.661 3.096-4.090 3.096-6.798 0-0.094-0.001-0.188-0.004-0.281l0 0.014c0-0.018 0-0.040 0-0.061 0-1.896-0.829-3.599-2.144-4.766l-0.007-0.006c-1.352-1.271-3.178-2.053-5.186-2.053-0.092 0-0.184 0.002-0.275 0.005l0.013-0c-0.094-0.004-0.205-0.007-0.316-0.007-2.121 0-4.025 0.926-5.33 2.396l-0.006 0.007c-1.315 1.535-2.115 3.544-2.115 5.74 0 0.106 0.002 0.212 0.006 0.317l-0-0.015zM471.921 931.779c-0.737 7.762-3.604 13.824-8.602 18.186-4.997 4.342-11.653 6.513-19.948 6.513-5.796 0-10.916-1.372-15.36-4.096-4.449-2.863-7.946-6.859-10.129-11.586l-0.070-0.169c-2.368-5.114-3.749-11.099-3.749-17.407 0-0.087 0-0.173 0.001-0.26l-0 0.013v-6.799c0-6.861 1.229-12.902 3.645-18.145 2.458-5.243 5.939-9.277 10.445-12.104 4.588-2.847 9.83-4.26 15.811-4.26 8.028 0 14.5 2.191 19.395 6.554 4.915 4.362 7.762 10.527 8.561 18.493h-12.595c-0.614-5.222-2.13-8.991-4.608-11.284-2.437-2.335-6.021-3.502-10.752-3.502-5.489 0-9.728 2.007-12.698 6.042-2.929 4.014-4.424 9.892-4.506 17.654v6.451c0 7.864 1.413 13.865 4.219 18.002 2.826 4.137 6.963 6.205 12.39 6.205 4.956 0 8.704-1.126 11.203-3.359s4.096-5.939 4.751-11.141h12.595zM541.368 920.965c0 7.148-1.229 13.394-3.686 18.801-2.478 5.366-6.021 9.503-10.609 12.411-4.567 2.867-9.83 4.301-15.811 4.301-5.898 0-11.162-1.434-15.79-4.301-4.668-3.013-8.339-7.21-10.637-12.171l-0.074-0.178c-2.397-5.224-3.794-11.333-3.794-17.768 0-0.241 0.002-0.481 0.006-0.721l-0 0.036v-4.096c0-7.107 1.229-13.373 3.748-18.801 2.54-5.448 6.083-9.585 10.65-12.452 4.608-2.908 9.871-4.362 15.79-4.362 5.939 0 11.203 1.434 15.77 4.301 4.588 2.847 8.151 6.943 10.65 12.288s3.768 11.571 3.789 18.678v4.035zM528.712 917.176c0-8.069-1.536-14.254-4.588-18.555-2.724-3.927-7.21-6.467-12.289-6.467-0.238 0-0.474 0.006-0.709 0.017l0.033-0.001c-0.156-0.006-0.34-0.009-0.524-0.009-5.086 0-9.579 2.536-12.284 6.412l-0.032 0.049c-3.072 4.26-4.628 10.322-4.71 18.145v4.198c0 7.987 1.556 14.193 4.669 18.555 3.133 4.362 7.455 6.554 12.984 6.554 5.612 0 9.912-2.13 12.902-6.41 3.031-4.26 4.547-10.486 4.547-18.698v-3.789z"
        ],
        "attrs": [
          {
            "fill": "rgb(175, 177, 184)"
          },
          {
            "fill": "rgb(175, 177, 184)"
          }
        ],
        "width": 922,
        "isMulticolor": false,
        "isMulticolor2": false,
        "grid": 0,
        "tags": [
          "customer1"
        ],
        "colorPermutations": {
          "1171171171175177184125525525513315024313333331": [
            {
              "f": 3
            },
            {
              "f": 3
            }
          ]
        }
      },
      "attrs": [
        {
          "fill": "rgb(175, 177, 184)"
        },
        {
          "fill": "rgb(175, 177, 184)"
        }
      ],
      "properties": {
        "order": 64,
        "id": 3,
        "name": "customer1",
        "prevSize": 32
      },
      "setIdx": 3,
      "setId": 3,
      "iconIdx": 13
    },
    {
      "icon": {
        "paths": [
          "M1001.487 489.633c-0.044-270.468-219.355-489.691-489.852-489.633-270.482 0.059-489.691 219.37-489.633 489.852 0.057 217.208 141.506 401.364 337.309 465.437l3.463 0.981c1.946 0.614 3.95 0.922 5.998 0.922 3.847 0 7.621-1.039 10.942-2.999 4.33-2.56 7.548-6.627 9.070-11.41l123.67-392.002c33.714-0.117 61-27.475 61-61.206 0-33.803-27.403-61.206-61.206-61.206-9.701 0-18.875 2.257-27.025 6.274l0.359-0.16-163.387-163.416c-3.664-3.535-8.658-5.713-14.161-5.713-11.27 0-20.407 9.136-20.407 20.407 0 5.506 2.181 10.503 5.726 14.174l-0.006-0.006 163.299 163.489c-3.863 7.71-6.124 16.8-6.124 26.417 0 19.251 9.061 36.385 23.15 47.371l0.134 0.1-117.833 373.541c-232.887-85.797-352.139-344.137-266.357-577.024 85.797-232.887 344.123-352.139 577.024-266.342 232.887 85.782 352.139 344.123 266.342 577.009-43.032 114.601-128.103 204.999-235.963 254.019l-2.819 1.147-12.727-59.977c-2.009-9.318-10.179-16.199-19.957-16.199-5.235 0-10.009 1.973-13.62 5.215l0.019-0.017-122.778 109.627c-4.217 3.753-6.859 9.195-6.859 15.255 0 9.068 5.918 16.753 14.103 19.404l0.144 0.040 156.76 50.030c1.87 0.625 4.023 0.985 6.261 0.985 11.262 0 20.392-9.13 20.392-20.392 0-1.515-0.165-2.991-0.478-4.412l0.025 0.135-12.507-58.836c176.885-75.979 298.512-248.692 298.512-449.812 0-0.366-0-0.731-0.001-1.097l0 0.057zM511.751 469.241c11.27-0 20.407 9.136 20.407 20.407s-9.136 20.407-20.407 20.407h-0c-11.27 0-20.407-9.136-20.407-20.407s9.136-20.407 20.407-20.407l-0 0zM578.955 944.889l69.895-62.347 19.295 90.887-89.19-28.54z",
          "M491.344 101.917v40.814c0 11.27 9.136 20.407 20.407 20.407s20.407-9.136 20.407-20.407l-0-0v-40.814c0-11.27-9.136-20.407-20.407-20.407s-20.407 9.136-20.407 20.407v-0zM124.036 469.241c-11.27-0-20.407 9.136-20.407 20.407s9.136 20.407 20.407 20.407h40.814c11.27 0 20.407-9.136 20.407-20.407s-9.136-20.407-20.407-20.407l-40.814 0zM899.467 510.054c11.27 0 20.407-9.136 20.407-20.407s-9.136-20.407-20.407-20.407l-40.814 0c-11.27-0-20.407 9.136-20.407 20.407s9.136 20.407 20.407 20.407h40.814z"
        ],
        "attrs": [
          {
            "fill": "rgb(33, 33, 33)"
          },
          {
            "fill": "rgb(33, 150, 243)"
          }
        ],
        "isMulticolor": true,
        "isMulticolor2": false,
        "grid": 0,
        "tags": [
          "clock"
        ],
        "colorPermutations": {
          "1171171171175177184125525525513315024313333331": [
            {
              "f": 0
            },
            {
              "f": 2
            }
          ]
        }
      },
      "attrs": [
        {
          "fill": "rgb(33, 33, 33)"
        },
        {
          "fill": "rgb(33, 150, 243)"
        }
      ],
      "properties": {
        "order": 65,
        "id": 2,
        "name": "clock",
        "prevSize": 32
      },
      "setIdx": 3,
      "setId": 3,
      "iconIdx": 14
    },
    {
      "icon": {
        "paths": [
          "M1023.166 144.764c-2.040-6.112-7.274-10.624-13.671-11.589l-0.094-0.012-61.147-8.894-27.355-55.398c-5.72-11.674-24.869-11.674-30.588 0l-27.355 55.398-61.147 8.894c-8.317 1.238-14.625 8.33-14.625 16.895 0 4.786 1.97 9.112 5.143 12.212l44.269 43.128-10.445 60.884c-1.097 6.407 1.536 12.873 6.773 16.706 5.31 3.847 12.244 4.33 17.993 1.287l54.682-28.76 54.682 28.76c2.293 1.219 5.013 1.934 7.901 1.934 9.445 0 17.101-7.656 17.101-17.101 0-0.998-0.086-1.977-0.25-2.929l0.015 0.102-10.445-60.884 44.251-43.14c3.176-3.11 5.145-7.441 5.145-12.233 0-1.881-0.303-3.691-0.864-5.384l0.035 0.121zM944.362 187.246c-4.023 3.906-5.851 9.582-4.901 15.111l6.1 35.65-32.007-16.823c-2.306-1.243-5.047-1.974-7.958-1.974s-5.652 0.731-8.049 2.019l0.091-0.045-32.007 16.823 6.1-35.65c0.157-0.869 0.246-1.868 0.246-2.889 0-4.789-1.97-9.117-5.143-12.219l-25.925-25.252 35.811-5.208c5.559-0.805 10.357-4.301 12.844-9.348l16.018-32.417 16.004 32.417c2.487 5.047 7.285 8.543 12.859 9.348l35.796 5.193-25.893 25.264zM836.272 656.706h-34.143v34.143h34.143v-34.143zM836.272 724.992h-34.143v34.114h34.143v-34.114zM870.4 690.849h-34.128v34.128h34.128v-34.128z",
          "M802.143 690.849h-34.143v34.128h34.143v-34.128zM716.8 844.449h-34.128v34.128h34.128v-34.128zM716.8 912.72h-34.128v34.128h34.128v-34.128zM750.943 878.592h-34.143v34.128h34.143v-34.143zM682.672 878.592h-34.143v34.128h34.143v-34.143zM512 776.192h-34.143v34.128h34.143v-34.143zM512 844.449h-34.143v34.128h34.143v-34.128zM546.128 810.306h-34.128v34.143h34.128v-34.143z",
          "M477.872 810.306h-34.143v34.143h34.143v-34.143zM187.728 195.906h-34.143v34.128h34.143v-34.128zM187.728 264.177h-34.143v34.128h34.143v-34.114zM221.857 230.034h-34.128v34.143h34.128v-34.143zM153.6 230.034h-34.143v34.143h34.143v-34.143z",
          "M790.864 453.105c-8.957-12.044-22.351-20.353-37.72-22.508l-0.299-0.034c-2.442-0.371-5.259-0.584-8.125-0.584-13.139 0-25.238 4.458-34.865 11.944l0.128-0.096-40.097 30.705-60.723 45.349-43.447-17.32c77.473-34.757 131.628-112.26 131.628-202.24 0-122.339-99.913-221.872-222.749-221.872s-222.764 99.533-222.764 221.872c0 44.339 13.268 85.577 35.84 120.276l-88.591-0.775c-0.278 0-0.497 0.146-0.746 0.146-1.809 0.089-3.506 0.452-5.089 1.047l0.115-0.038c-0.41 0.146-0.834 0.234-1.229 0.424-0.205 0.088-0.41 0.102-0.614 0.205l-103.453 51.068c-0.015 0-0.044 0-0.044 0.029l-60.577 29.125c-0.777 0.351-1.44 0.727-2.063 1.155l0.045-0.029c-15.419 10.359-25.429 27.734-25.429 47.446 0 9.506 2.328 18.468 6.444 26.347l-0.15-0.314c7.025 13.554 18.958 23.745 33.39 28.328l0.402 0.11c5.139 1.687 11.054 2.66 17.196 2.66 9.86 0 19.135-2.507 27.222-6.919l-0.298 0.149 44.412-23.611 72.441-37.42 43.418-0.249-174.139 173.29c0 0.029-0.029 0.029-0.044 0.044l-42.847 42.657c-9.684 9.571-15.682 22.853-15.682 37.537 0 0.057 0 0.113 0 0.17l-0-0.009c0 14.219 5.559 27.619 15.682 37.712 9.645 9.601 22.947 15.536 37.634 15.536 0.038 0 0.076-0 0.114-0l-0.006 0c13.692 0 27.341-5.193 37.771-15.536l42.057-41.882 55.706-41.589 28.818 28.701-99.255 98.831c-9.693 9.574-15.697 22.865-15.697 37.557 0 0.044 0 0.089 0 0.133l-0-0.007c0 14.234 5.559 27.633 15.696 37.727 9.651 9.592 22.952 15.521 37.637 15.521 0.037 0 0.073-0 0.11-0l-0.006 0c13.678 0 27.355-5.179 37.771-15.521l143.623-143.111c0.219-0.205 0.512-0.278 0.717-0.497l165.303-181.058 111.075 15.799c0.805 0.117 1.609 0.176 2.399 0.176 2.077 0 4.067-0.497 5.998-1.229 0.571-0.205 1.053-0.483 1.595-0.746 0.614-0.307 1.258-0.483 1.843-0.878l102.824-68.257c0.38-0.263 0.585-0.673 0.936-0.951 0.41-0.322 0.922-0.453 1.302-0.819l40.667-38.107c11.123-10.418 18.054-25.195 18.054-41.591 0-12.802-4.225-24.617-11.358-34.127l0.106 0.147zM68.169 568.642c-3.14 1.733-6.883 2.752-10.865 2.752-2.5 0-4.907-0.402-7.158-1.145l0.161 0.046c-9.423-2.972-16.136-11.634-16.136-21.863 0-7.539 3.647-14.227 9.272-18.395l0.062-0.044 42.043-20.231 10.123 29.579 4.242 12.434-31.744 16.867zM180.078 510.157l-49.547 25.6-8.163-23.888-5.881-17.174 64.863-32.022-1.273 47.484zM663.259 298.306c0 29.389-7.022 57.11-19.163 81.905l-133.808-60.782c-1.393-18.401-10.957-34.315-25.033-44.273l-0.186-0.125 46.826-155.546c76.098 24.196 131.365 95.173 131.365 178.805zM286.018 298.306c0-103.512 84.612-187.743 188.621-187.743 8.090 0 16.004 0.688 23.845 1.682l-45.831 152.093c-0.614 0-1.185-0.19-1.829-0.19-0.009-0-0.019-0-0.029-0-33.025 0-59.806 26.73-59.889 59.735l-0 0.008c0.092 33.007 26.87 59.728 59.889 59.728 0.010 0 0.021-0 0.031-0l-0.002 0c22.235 0 41.428-12.259 51.785-30.223l123.611 56.159c-34.406 46.285-89.439 76.464-151.581 76.464-104.009 0-188.621-84.217-188.621-187.728zM476.628 323.906c0 14.117-11.586 25.6-25.805 25.6-0.013 0-0.029 0-0.044 0-14.165 0-25.657-11.446-25.731-25.593l-0-0.007c0-14.117 11.557-25.6 25.776-25.6s25.79 11.483 25.79 25.6zM78.863 804.674c-3.516 3.479-8.353 5.628-13.693 5.628-5.325 0-10.15-2.137-13.665-5.601l0.002 0.002c-3.479-3.448-5.633-8.227-5.633-13.509s2.154-10.062 5.631-13.508l0.001-0.001 30.793-30.676 27.268 27.136-30.676 30.559zM181.701 924.145c-3.514 3.482-8.352 5.634-13.693 5.634-5.326 0-10.152-2.14-13.665-5.607l0.002 0.002c-3.479-3.448-5.633-8.227-5.633-13.509s2.154-10.062 5.631-13.508l0.001-0.001 30.808-30.691 27.253 27.121-30.705 30.574zM293.113 813.144l-0.044 0.044-56.466 56.32-27.268-27.121 56.481-56.218c1.273-1.287 2.077-2.823 2.867-4.345 0.219-0.439 0.644-0.819 0.834-1.273 0.527-1.317 0.614-2.736 0.819-4.111 0.102-0.79 0.439-1.521 0.439-2.341 0-1.126-0.41-2.238-0.644-3.365-0.205-1.024-0.205-2.063-0.6-3.057-0.788-1.684-1.767-3.131-2.937-4.401l0.011 0.012c-0.322-0.395-0.439-0.878-0.79-1.229h-0.029s0-0.044-0.029-0.059l-51.419-51.2c-0.541-0.556-1.243-0.775-1.858-1.229-0.813-0.678-1.723-1.294-2.693-1.815l-0.087-0.043c-0.851-0.401-1.851-0.753-2.891-1.002l-0.108-0.022c-0.955-0.303-2.073-0.531-3.226-0.639l-0.065-0.005c-0.221-0.011-0.48-0.017-0.741-0.017-0.817 0-1.621 0.059-2.406 0.174l0.089-0.011c-1.141 0.146-2.209 0.293-3.321 0.658-1.161 0.41-2.161 0.894-3.096 1.473l0.068-0.039c-0.629 0.351-1.346 0.483-1.946 0.922l-56.744 42.364-28.818-28.716 76.756-76.361 139.557 137.245-29.696 29.403zM511.312 588.61c-0.483-0.059-0.951 0.117-1.448 0.088-0.255-0.014-0.553-0.022-0.853-0.022-1.001 0-1.981 0.088-2.934 0.256l0.101-0.015c-2.225 0.353-4.218 1.123-5.975 2.233l0.065-0.038c-0.951 0.585-1.814 1.185-2.648 1.96-0.41 0.351-0.907 0.527-1.287 0.936l-150.323 164.659-138.503-136.207 90.653-90.185c3.084-3.091 4.991-7.357 4.991-12.069 0-9.436-7.65-17.086-17.086-17.086-0.016 0-0.033 0-0.049 0l0.003-0-71.007 0.41 0.892-51.434 99.328 0.848c40.435 41.494 96.865 67.233 159.307 67.233 0.035 0 0.071-0 0.106-0l-0.006 0c14 0 27.648-1.463 40.945-3.92 1.273 1.024 2.545 2.048 4.14 2.706l77.122 30.72 4.871 24.283 5.705 28.321-96.095-13.678zM640.629 594.315l-10.006-49.854 46.285-34.567 30.281 40.229-66.56 44.178zM760.759 503.72l-26.814 25.132-29.798-39.57 26.595-20.392c4.974-3.818 11.235-5.369 17.379-4.579 6.173 0.878 11.644 4.096 15.36 9.099 2.813 3.755 4.505 8.491 4.505 13.623 0 6.578-2.78 12.507-7.228 16.676l-0.013 0.012z",
          "M435.273 593.408l-68.579-68.272c-3.083-3.077-7.339-4.98-12.039-4.98s-8.956 1.903-12.040 4.98l0-0-68.564 68.272c-3.088 3.1-4.996 7.376-4.996 12.098s1.909 8.998 4.997 12.098l-0.001-0.001 68.564 68.272c3.083 3.077 7.339 4.98 12.039 4.98s8.956-1.903 12.040-4.98l-0 0 68.579-68.272c3.105-3.092 5.027-7.37 5.027-12.098s-1.921-9.006-5.026-12.097l-0.001-0.001zM354.67 649.699l-44.383-44.178 44.368-44.193 44.398 44.178-44.398 44.178zM549.259 162.26l-8.251 33.148c2.267 0.571 55.603 14.453 55.603 68.754h34.143c0-64.541-53.307-94.881-81.496-101.903zM630.755 298.306h-34.143v34.128h34.143v-34.128z"
        ],
        "attrs": [
          {
            "fill": "rgb(33, 150, 243)"
          },
          {
            "fill": "rgb(33, 150, 243)"
          },
          {
            "fill": "rgb(33, 150, 243)"
          },
          {
            "fill": "rgb(33, 33, 33)"
          },
          {
            "fill": "rgb(33, 33, 33)"
          }
        ],
        "isMulticolor": true,
        "isMulticolor2": false,
        "grid": 0,
        "tags": [
          "astronaut"
        ],
        "colorPermutations": {
          "1171171171175177184125525525513315024313333331": [
            {
              "f": 2
            },
            {
              "f": 2
            },
            {
              "f": 2
            },
            {
              "f": 0
            },
            {
              "f": 0
            }
          ]
        }
      },
      "attrs": [
        {
          "fill": "rgb(33, 150, 243)"
        },
        {
          "fill": "rgb(33, 150, 243)"
        },
        {
          "fill": "rgb(33, 150, 243)"
        },
        {
          "fill": "rgb(33, 33, 33)"
        },
        {
          "fill": "rgb(33, 33, 33)"
        }
      ],
      "properties": {
        "order": 66,
        "id": 1,
        "name": "astronaut",
        "prevSize": 32
      },
      "setIdx": 3,
      "setId": 3,
      "iconIdx": 15
    },
    {
      "icon": {
        "paths": [
          "M984.737 707.131l-270.19-272.165 29.989-147.705c7.193 2.894 15.53 4.601 24.257 4.666l0.027 0h0.205c0.243 0.003 0.531 0.005 0.818 0.005 38.158 0 69.091-30.933 69.091-69.091s-30.933-69.091-69.091-69.091c-38.158 0-69.091 30.933-69.091 69.091 0 8.301 1.464 16.26 4.147 23.633l-0.153-0.48-158.72 19.383-258.896-260.257c-3.069-3.131-7.33-5.083-12.047-5.12l-0.007-0c-4.476 0.029-8.777 1.814-11.952 4.974l-48.377 48.128c-3.088 3.089-4.997 7.356-4.997 12.069s1.91 8.98 4.997 12.069l-0-0 26.039 26.405c-36.576 65.993-58.103 144.706-58.103 228.447 0 131.377 52.985 250.379 138.751 336.802l-0.030-0.030c1.375 1.317 2.955 2.355 4.681 3.116-1.024 5.245-1.629 11.295-1.667 17.478l-0 0.032v197.983h-204.8c-47.115 0.042-85.299 38.216-85.358 85.323l-0 0.006v34.128c0 9.435 7.651 17.072 17.072 17.072h785.072c9.421 0 17.057-7.636 17.057-17.072v-34.128c-0.058-47.102-38.226-85.27-85.323-85.328l-204.806-0v-87.742c32.080 6.729 64.775 10.152 97.558 10.24 82.553-0.090 160.151-21.217 227.748-58.307l-2.468 1.241 26.185 26.331c3.16 3.233 7.504 5.076 12.039 5.12 4.476-0.029 8.777-1.814 11.952-4.974l48.391-48.128c3.088-3.089 4.997-7.356 4.997-12.069s-1.91-8.98-4.997-12.069l0 0zM744.96 199.461c6.17-6.138 14.676-9.933 24.069-9.933 18.849 0 34.128 15.28 34.128 34.128s-15.28 34.128-34.128 34.128c-0.002 0-0.004-0-0.005-0l-0.117 0c-18.771-0.102-33.948-15.343-33.948-34.128 0-9.456 3.846-18.014 10.058-24.195l0.001-0.001h-0.059zM704.775 311.589l-19.149 94.267-37.61-37.844 56.759-56.422zM685.392 282.726l-61.44 61.089-47.543-47.792 108.983-13.297zM768.132 921.6c28.277 0 51.2 22.923 51.2 51.2v0 17.072h-750.928v-17.072c0-28.277 22.923-51.2 51.2-51.2v0h648.528zM529.203 853.328v34.143h-170.672v-34.143h170.672zM358.532 819.2v-129.712c0-41.399 38.283-75.088 85.328-75.088 47.060 0 85.343 33.69 85.343 75.088v129.712h-170.672zM563.332 764.928v-75.44c0-60.226-53.584-109.217-119.472-109.217-0.555-0.009-1.21-0.014-1.867-0.014-43.281 0-81.28 22.613-102.828 56.669l-0.295 0.499c-75.515-79.415-121.968-187.081-121.968-305.598 0-74.053 18.136-143.87 50.209-205.252l-1.165 2.448 595.266 598.674c-58.323 30.297-127.343 48.066-200.514 48.066-34.517 0-68.11-3.954-100.351-11.434l2.983 0.583zM924.584 743.044l-673.821-677.786 24.137-24.064 253.923 255.356c0.117 0 0.19 0.219 0.307 0.307l419.664 422.122-24.21 24.064z",
          "M444.021 648.528h-0.146c-0.024-0-0.052-0-0.080-0-28.277 0-51.2 22.923-51.2 51.2 0 28.249 22.877 51.154 51.115 51.2l0.004 0h0.146c0.022 0 0.047 0 0.073 0 28.277 0 51.2-22.923 51.2-51.2 0-28.251-22.881-51.158-51.123-51.2l-0.004-0zM455.958 711.841c-3.087 3.074-7.344 4.974-12.045 4.974-9.428 0-17.072-7.643-17.072-17.072 0-9.41 7.613-17.041 17.016-17.071l0.003-0c9.382 0.061 16.964 7.681 16.964 17.071 0 4.72-1.916 8.993-5.012 12.083l-0 0h0.146z"
        ],
        "attrs": [
          {
            "fill": "rgb(33, 33, 33)"
          },
          {
            "fill": "rgb(33, 150, 243)"
          }
        ],
        "isMulticolor": true,
        "isMulticolor2": false,
        "grid": 0,
        "tags": [
          "antenna"
        ],
        "colorPermutations": {
          "1171171171175177184125525525513315024313333331": [
            {
              "f": 0
            },
            {
              "f": 2
            }
          ]
        }
      },
      "attrs": [
        {
          "fill": "rgb(33, 33, 33)"
        },
        {
          "fill": "rgb(33, 150, 243)"
        }
      ],
      "properties": {
        "order": 67,
        "id": 0,
        "name": "antenna",
        "prevSize": 32
      },
      "setIdx": 3,
      "setId": 3,
      "iconIdx": 16
    }
  ],
  "height": 1024,
  "preferences": {
    "showGlyphs": true,
    "showQuickUse": true,
    "showQuickUse2": true,
    "showSVGs": true,
    "fontPref": {
      "prefix": "icon-",
      "metadata": {
        "fontFamily": "icomoon"
      },
      "metrics": {
        "emSize": 1024,
        "baseline": 6.25,
        "whitespace": 50
      },
      "embed": false
    },
    "imagePref": {
      "prefix": "icon-",
      "png": true,
      "useClassSelector": true,
      "color": 0,
      "bgColor": 16777215,
      "classSelector": ".icon",
      "name": "icomoon",
      "height": 32,
      "columns": 16,
      "margin": 16
    },
    "historySize": 50,
    "showCodes": true,
    "gridSize": 16
  }
}